weights,return,volatility,sharpe_ratio
[0.18205878 0.46212909 0.35581214],0.08075267236499117,0.1549835660828436,0.39199428623623844
[0.65738127 0.17132261 0.17129612],0.10095543267504128,0.406044394943838,0.19937581624846373
[0.03807826 0.56784481 0.39407693],0.07242531096410175,0.09397900158868548,0.5578406886418066
[0.41686469 0.01211874 0.57101657],0.1291020468250769,0.3114021643586516,0.35035738126540655
[0.67865488 0.173111   0.14823412],0.10000553015281877,0.4163219606773874,0.1921722553925421
[0.18115758 0.3005149  0.51832752],0.10102481641598313,0.1766737076687306,0.4586127584298366
[0.32354776 0.21814475 0.45830749],0.106482524927776,0.24495325055750358,0.3530572659515451
[0.17480426 0.36609589 0.45909985],0.0930279089099603,0.16506280358815148,0.44242498808012715
[0.31651311 0.54491305 0.13857384],0.06579642244744606,0.20516159100453235,0.2232212288041495
[0.44595846 0.51375845 0.04028309],0.06528134562879154,0.2707881699737319,0.16722054598317238
[0.72059071 0.20225354 0.07715574],0.09492459881509457,0.43439278787015184,0.1724812218509736
[0.34848152 0.35463173 0.29688675],0.08853738225073315,0.2398219224843435,0.28578447516701705
[0.28035754 0.08989454 0.62974792],0.12401901376432697,0.2442888083042729,0.4258034352305101
[0.41627195 0.11541703 0.46831101],0.11618466287249668,0.2983142295987478,0.3224273377836228
[0.02859779 0.75619858 0.21520363],0.04915841514507788,0.0682555175207445,0.42719499029827046
[0.4433659  0.20859987 0.34803422],0.10358944243845372,0.29979913428824384,0.27881815815413963
[0.321377   0.10866445 0.56995855],0.12026847412985497,0.2582594870071079,0.38824701191749583
[0.29704731 0.36003589 0.34291679],0.08961561718723057,0.21606734579516718,0.32219406838655984
[0.37176668 0.5732098  0.05502352],0.06036698489143744,0.22922268424021677,0.17610379629415018
[0.34592914 0.07983064 0.57424022],0.12304198063223187,0.27232131196308174,0.37838382860832115
[0.26107384 0.18226466 0.5566615 ],0.1131081180992304,0.22380753881702112,0.4160186854802645
[0.30223499 0.23800266 0.45976235],0.10472266976815771,0.23332457719061936,0.36311078236281025
[0.13847708 0.78826685 0.07325607],0.041392629608874014,0.10190162189946089,0.20993414246125155
[0.50406735 0.39443563 0.10149702],0.07824311103344185,0.30996040077603143,0.18790500621247636
[0.00361433 0.53373452 0.46265115],0.07787346512689834,0.09347740025403896,0.6191171873588531
[0.46306098 0.4899063  0.04703272],0.06768512535121311,0.28128456402635493,0.16952627854383526
[0.26802414 0.08663507 0.64534078],0.12484809585345266,0.23995511661380467,0.43694878164319473
[0.61242483 0.32512558 0.06244959],0.08322639634880379,0.3697066908400947,0.17101772273888985
[0.22769713 0.23809491 0.53420796],0.1072545569538116,0.20299101535374955,0.4298444283445468
[0.31926    0.44427609 0.23646392],0.07830698224639901,0.21662939502226908,0.26915544975050665
[0.07504546 0.4475615  0.47739304],0.08622878704542888,0.12070915263500867,0.5486641700293146
[0.30737399 0.42220718 0.27041883],0.08147659023479678,0.21358290611924644,0.28783478674306223
[0.53575545 0.43819217 0.02605238],0.07168152990307797,0.3217710035487668,0.16061587070646421
[0.13908355 0.04051557 0.82040088],0.1350241554965916,0.20336472375091172,0.5656052503849057
[0.18165688 0.29388772 0.5244554 ],0.10183780082494506,0.17780721011288467,0.4602614301916587
[0.17615008 0.28997689 0.53387302],0.10251552063410241,0.17638783702727695,0.46780731610956855
[0.38419281 0.12926296 0.48654423],0.11554515802768062,0.28242213068899125,0.33830620070244
[0.08489623 0.48956209 0.42554168],0.08063228119194248,0.1171873212089783,0.5173962555541131
[0.2743746  0.37749484 0.34813056],0.08820262539415291,0.20405617592637434,0.3342345561683031
[0.11527548 0.55148275 0.33324177],0.071840393456226,0.1183009686083991,0.43820768389334597
[0.39941934 0.44327273 0.15730793],0.07569738588936076,0.25451830809559517,0.21883449684272313
[0.14384089 0.29791751 0.5582416 ],0.10262347723971676,0.16410560792359552,0.503477475786109
[0.48526783 0.51060798 0.00412419],0.06433458011508558,0.29055709618087755,0.15258474392064555
[0.44402534 0.36288212 0.19309254],0.08424383777414515,0.2838115295514793,0.2263609159066677
[0.08559426 0.24108649 0.67331925],0.11172882561640735,0.156140548794774,0.5874760036675207
[0.20919114 0.33578409 0.45502477],0.09565093746995093,0.18235456633538163,0.41485628240762423
[0.15824714 0.42290762 0.41884524],0.08647749023253479,0.15108052685267204,0.44001362463715193
[0.23981342 0.473611   0.28657558],0.0773438671022357,0.17767866389345857,0.3227391845799831
[0.30585527 0.03960837 0.65453637],0.12944705835093598,0.261413647247178,0.4186738508240505
[0.60359806 0.06181375 0.33458819],0.11650612059146503,0.3910835127171639,0.24676601660080558
[0.70259919 0.18531577 0.11208504],0.09765989456484342,0.4270045409326215,0.1818713552676191
[0.28503645 0.57400086 0.14096269],0.06322738681318227,0.18753098101420482,0.23050797569233608
[0.40214101 0.45567963 0.14217936],0.07405061017357675,0.2546359704502785,0.2122662013461721
[0.42134705 0.21279986 0.36585309],0.10381475911963187,0.28917631231862745,0.2898396429762926
[0.50296336 0.42535501 0.07168164],0.07440828039281219,0.30663489621336865,0.17743668794615197
[0.62215241 0.23892433 0.13892325],0.09369075220505337,0.3823621198352566,0.1927250331094606
[0.03114431 0.45132776 0.51752793],0.08725511245014435,0.11028300639529905,0.6098411228387692
[0.02196549 0.67811028 0.29992422],0.059164908352682115,0.07596044199728276,0.5155961092759718
[0.42713183 0.11543799 0.45743017],0.11581146802235359,0.30317199413890283,0.31603007492326657
[0.2647084  0.64116276 0.09412884],0.055509335747338816,0.17173159714066377,0.20677229082225007
[0.24728688 0.08227289 0.67044023],0.12610205225972382,0.23272093475805167,0.4559196720743358
[0.48869629 0.14367886 0.36762486],0.11017368441219014,0.3280777044983725,0.2748546553934983
[0.42964805 0.29189239 0.27845956],0.0936255500860202,0.28430743181444795,0.25896456387419237
[0.19628146 0.07555995 0.72815858],0.12868326321267348,0.21557654657752154,0.5041516108227982
[0.48085145 0.33809601 0.18105253],0.08609156622314282,0.30397986967881874,0.21742086504930186
[0.17705923 0.36808026 0.45486052],0.0927024306098975,0.16562669644319522,0.4389535755477207
[0.38418747 0.33775561 0.27805692],0.08943264725137132,0.25814205102273013,0.2689706964684246
[0.07352817 0.14124398 0.78522785],0.12464534522883639,0.16993386141758735,0.6158004317437706
[0.84567152 0.01282538 0.1415031 ],0.11438144857032558,0.5137376794975369,0.18371525456850996
[0.8000056  0.00610292 0.19389148],0.11678165433141993,0.49184679139145654,0.19677195424538668
[0.28993798 0.36558109 0.34448094],0.08916369916696815,0.21228059236097294,0.3258126350493624
[0.19107929 0.60678254 0.20213817],0.06232772349847743,0.1416512508581355,0.2988164470278407
[0.18901839 0.43362242 0.37735919],0.08408551218477221,0.16142148459481748,0.39700732740522515
[0.40923572 0.31689975 0.27386454],0.09119002659236185,0.27206760673110586,0.2616630015153604
[0.12892331 0.50608227 0.36499442],0.07706088079646439,0.12914762754966552,0.4418267828769896
[0.15153715 0.60431763 0.24414523],0.063985731163401,0.12541079114270814,0.35073322449061434
[0.38483516 0.27227765 0.34288719],0.09761134360274762,0.2657022682120504,0.292098912534717
[0.31973176 0.36697351 0.31329473],0.08797265733093945,0.22537753450832054,0.3015946442010174
[0.16291054 0.60281329 0.23427617],0.06378604966964159,0.1302003201755023,0.33629755756837304
[0.02871177 0.76215976 0.20912847],0.04840791660409134,0.0676757862427974,0.4197648550719977
[0.33477194 0.33956681 0.32566126],0.09089200073945067,0.2352910308509939,0.30129495579602206
[0.28171791 0.01176362 0.70651848],0.13375811286344086,0.25597406527288186,0.44441265071978564
[0.18155251 0.40986714 0.40858035],0.08731550282148658,0.1616363082644669,0.4164627585489391
[0.55659266 0.19212928 0.25127807],0.10178868920114437,0.35505389685913674,0.2303557007109628
[0.6363394  0.23694192 0.12671868],0.09345493957243747,0.3895277280273291,0.18857435372940615
[0.25436495 0.42766598 0.31796907],0.08260171910982322,0.18938203735030315,0.3305578500775539
[0.44458057 0.07578622 0.47963321],0.12018226010512308,0.3157624127213979,0.31727101158653565
[0.60059045 0.08497833 0.31443122],0.11370749724138196,0.3872064769747046,0.24200911610139123
[0.37896908 0.31996468 0.30106624],0.09183894066318865,0.2576701181709379,0.2788019859389781
[0.51822156 0.26519614 0.21658231],0.09394674940453132,0.3292188708351164,0.2246127301784176
[0.32549604 0.32579856 0.3487054 ],0.09293292626878158,0.23272013286381144,0.31339328218526824
[0.47413993 0.26548082 0.26037926],0.09541528393550913,0.30810278647064215,0.24477313171815518
[0.37126106 0.30227703 0.32646191],0.09431725250444331,0.2561046000179945,0.2901832005329916
[0.39321838 0.4397709  0.16701072],0.07634756708144737,0.25188681263310286,0.2237019337869147
[0.35843368 0.08969069 0.55187563],0.12138036754240014,0.2763121018887578,0.3669052743235093
[0.03442137 0.44589613 0.5196825 ],0.087823574882132,0.11173755243025799,0.6069899814967282
[0.3156176  0.65078718 0.03359522],0.052566757821113204,0.19532167917605386,0.1667339639844026
[0.03060977 0.67418573 0.2952045 ],0.059361472727341325,0.07804064661356848,0.5043714325208803
[0.08952353 0.36795902 0.54251744],0.09570457841403127,0.13687319003599452,0.5531001242399822
[0.23355764 0.67408087 0.09236149],0.05244945310081041,0.15420175487673127,0.21043504418448716
[0.04599362 0.47287365 0.48113273],0.08404989352804372,0.10984356056394515,0.5831010320423584
[0.27247891 0.31037857 0.41714252],0.09667329945609862,0.21151835904415278,0.36249004484803926
[0.31588764 0.19759421 0.48651815],0.1093177653789214,0.24429472867750368,0.3656147877706802
[0.34358236 0.55688655 0.09953109],0.06337312055777419,0.21698436125779372,0.19989053730118211
[0.01389859 0.52777377 0.45832764],0.0782690928916383,0.09568485515344245,0.6089688153699625
[0.5444864  0.31993904 0.13557457],0.08619423647341705,0.3366701146760209,0.1966145303307246
[0.16365306 0.26178593 0.57456101],0.10647273578319164,0.1761717365145873,0.4908434093571618
[0.4318512  0.39897657 0.16917223],0.08013859884993466,0.2744098354479124,0.219156134661762
[0.42492919 0.32837505 0.24669576],0.08921729463832037,0.2782348084280733,0.24877295198747135
[0.47826112 0.32805557 0.19368331],0.0874374731052607,0.30371859543483504,0.22203932890151235
[0.31551924 0.67172298 0.01275778],0.04994800759707176,0.1935906343797948,0.15469760555832685
[0.57233877 0.22683292 0.20082831],0.09690492505248388,0.3591878506368265,0.21410781271174498
[0.42072682 0.34606823 0.23320495],0.0871447065958113,0.2744106226720881,0.24468698019772753
[0.09204267 0.46251368 0.44544365],0.08377610664107624,0.12324543506684131,0.517472364039185
[0.17224449 0.43145352 0.39630199],0.08492952898741399,0.15517599474221308,0.418425086272387
[0.47510215 0.48994773 0.03495012],0.06726905743412134,0.2872388784519156,0.1645635774964714
[0.24914234 0.41623853 0.33461913],0.08421116156898001,0.18849104932357916,0.3406589426893681
[0.51038717 0.39251928 0.09709355],0.078267474469153,0.3132394725844359,0.1860157469568162
[0.09542774 0.86872191 0.03585035],0.03278498755045975,0.07906755364649547,0.1616970168018651
[0.2787443  0.44741337 0.27384233],0.07929656259312352,0.19786012334962244,0.2996893036822049
[0.26056726 0.43182081 0.30761193],0.08186970707996744,0.19159678373921457,0.3229162090955518
[0.2912777  0.50260129 0.20612102],0.0719568685602769,0.19758494086223535,0.26295965843117286
[0.46606968 0.43899357 0.09493675],0.07395903237124135,0.2872689172988766,0.18783456587857011
[0.36823575 0.53502547 0.09673878],0.06526987151976552,0.23087550322807235,0.19607914606273877
[0.11128764 0.80482663 0.08388573],0.04024637685211918,0.08946460099986103,0.22630600959311975
[0.26869639 0.71169997 0.01960365],0.04653881104480739,0.16773546902423941,0.15821824208791688
[0.67062698 0.23207702 0.097296  ],0.09289425623960483,0.4069108337539911,0.17914061310954185
[0.31624561 0.2854741  0.39828028],0.09829901978365012,0.23344587890598367,0.3354054487943379
[0.40375507 0.44133081 0.15491413],0.07579265475476299,0.25678875964332676,0.21727062676831183
[0.10227717 0.43265865 0.46506418],0.08716607391140496,0.13073043535397566,0.5137753402988446
[0.55798677 0.23244221 0.20957102],0.09669211866842159,0.3516788745137142,0.21807428374669366
[0.37911274 0.16641011 0.45447716],0.11106600486193591,0.27561384575268516,0.3304115749818011
[0.42114609 0.21046887 0.36838504],0.10411356239773113,0.28934943470468044,0.29069890004651366
[0.42866404 0.0585858  0.51275016],0.12287964663202805,0.310759763149897,0.331058453608112
[0.30588738 0.50034978 0.19376284],0.07174033582132598,0.2045801599243226,0.2529098415040126
[0.69122346 0.30041134 0.00836521],0.08363290505298705,0.4111567336584174,0.1547655671033039
[0.68798948 0.06936771 0.24264281],0.11268035085175943,0.4309178621731551,0.215076605050356
[0.38400197 0.38422233 0.2317757 ],0.08361924623148123,0.253122390610823,0.25133788472034524
[0.46002199 0.32649992 0.21347809],0.08825468063172581,0.2951172323828349,0.2312798886077374
[0.1874273  0.38351662 0.42905609],0.0904153134479882,0.16744490374095627,0.4205282566074594
[0.47331828 0.47214577 0.05453595],0.06955953745582331,0.2878897139948574,0.17214764907060415
[0.44885768 0.05225451 0.49888781],0.12298354549244275,0.3205201626604234,0.3213013017266847
[0.26279236 0.52834827 0.20885937],0.06970418395926214,0.18185244513819576,0.27332150481391804
[0.11459527 0.13997257 0.74543216],0.1234032581259576,0.1802615004413734,0.5736291880006154
[0.76945666 0.12586096 0.10468239],0.10282495655125587,0.4655655130294783,0.17790182956702727
[0.43931597 0.04560251 0.51508152],0.12414226680035725,0.3170791819519184,0.32844246083664136
[0.80951281 0.09324404 0.09724315],0.10554323816502262,0.4884204918031633,0.1751426068329195
[0.56980055 0.21614753 0.21405192],0.09832982943816519,0.3590116475238121,0.21818186116919736
[0.29598871 0.3449496  0.35906169],0.09154122460778231,0.2173951994168927,0.32908373689793263
[0.62101581 0.31015386 0.06883033],0.08480838325186052,0.3752987280850713,0.17268479321136945
[0.44161766 0.31731604 0.2410663 ],0.0900329249776734,0.2872847170019223,0.24377532403578844
[0.60016435 0.07363209 0.32620356],0.11514309868672995,0.3881977088629638,0.24508928444066644
[0.02116963 0.87384914 0.10498123],0.03467672240562094,0.05781078904503794,0.2538751442085823
[0.13417347 0.13271487 0.73311166],0.12364418621092596,0.18694716476870152,0.5544036270309778
[0.32555829 0.25456986 0.41987186],0.10185185219709796,0.24129292431598312,0.33922193296438957
[0.24514455 0.18683984 0.56801561],0.11307865072855801,0.21692084572391768,0.42909039201802796
[0.18648949 0.8033731  0.01013741],0.03786232597875552,0.1221083970370762,0.14628253594494342
[0.50934149 0.02266586 0.46799265],0.12462550337725206,0.35140477568941886,0.2977350070783413
[0.33095863 0.62275834 0.04628304],0.055553755978635,0.20510854663560601,0.17334117257336662
[0.27066733 0.47369594 0.25563673],0.07628040630170352,0.19131116668830023,0.29418254708257646
[0.35365665 0.39093849 0.25540486],0.08381354717935989,0.23823962505259938,0.2678544644505334
[0.29699434 0.27652906 0.42647659],0.10007625034653844,0.22621656835331097,0.35398048396469906
[0.03559338 0.22004899 0.74435762],0.11606984072284512,0.1491201162367891,0.6442446743422262
[0.45281776 0.23176218 0.31542006],0.10036595211350577,0.3016451115148334,0.266425508140727
[0.29851588 0.20245481 0.49902931],0.10930177186726411,0.23634982061896243,0.377837273721626
[0.34821845 0.5751763  0.07660525],0.06092422141965863,0.2175879163136019,0.18808131495995378
[0.36648368 0.37092782 0.2625885 ],0.08588209212837235,0.24634026289951858,0.267443459517803
[0.32306269 0.1865277  0.49040961],0.11045895846364683,0.24876442895905385,0.3636330115288959
[0.38943343 0.09248662 0.51807995],0.11997239186340812,0.28930516215371205,0.34556034575799005
[0.32927085 0.38021552 0.29051363],0.08598865906195013,0.22820394731642454,0.28916528323873003
[0.31226804 0.21291278 0.47481918],0.10752269937925601,0.24079312699147853,0.36347673404462816
[0.92365416 0.04822556 0.02812029],0.10728676145197595,0.5493931220814261,0.15887851147695856
[0.1731429  0.37278941 0.45406769],0.09224626865670357,0.16351452420608367,0.4418339533291171
[0.13365181 0.52791044 0.33843775],0.07416565837061283,0.1279582928561952,0.42330713517322727
[0.36595544 0.31773732 0.31630724],0.09256196940111545,0.251939138450154,0.2880138824300687
[0.40512159 0.35855513 0.23632328],0.0861132776716796,0.26574034079253744,0.2487890151510493
[0.03251184 0.49868681 0.46880135],0.08127695635397421,0.10317531941769259,0.5939109924719689
[0.39177172 0.39056439 0.21766389],0.08255980732050647,0.2561301678747166,0.2442500539456443
[0.29998723 0.36855954 0.33145323],0.08844775328088561,0.21636672423973938,0.3163506473622252
[0.29907213 0.54475937 0.1561685 ],0.06641080537403357,0.19695126642728847,0.2356461383362963
[0.53332654 0.33885925 0.12781421],0.08420537670936622,0.32943600102421106,0.194894839998521
[0.40758743 0.37507972 0.21733285],0.08395951124264145,0.2652034701074246,0.24117147191450283
[0.08698808 0.51444262 0.3985693 ],0.07744473541330124,0.11421333544890466,0.5029599668683186
[0.36011171 0.24253853 0.39734977],0.10217965787114441,0.25799589521482724,0.31853087353469445
[0.27741004 0.28194944 0.44064051],0.1000656450823315,0.21721482104875,0.3686012063806741
[0.7125138  0.23665862 0.05082757],0.09089113630259264,0.4273169189533028,0.16589826697299487
[0.36312941 0.29829364 0.33857695],0.09509362793121832,0.252851478934605,0.2969871018655967
[0.58525883 0.37477015 0.03997102],0.07793563521308072,0.3518563994904381,0.1646570455929853
[0.2630559  0.44263215 0.29431195],0.0804307191123729,0.191434709278375,0.31567273949520563
[0.25887789 0.53504026 0.20608185],0.06899961710957037,0.1793707053766822,0.2731751375268896
[0.30338446 0.46255449 0.23406105],0.07655941865964158,0.2073758453415777,0.2727387009151433
[0.25558509 0.35430319 0.39011172],0.09174841779510937,0.19884969168635408,0.3608173449334699
[0.09393001 0.59177481 0.31429518],0.06752237551609229,0.10580653988560636,0.44914402802956704
[0.15214001 0.27049153 0.57736846],0.10577525965423627,0.170985440177396,0.5016524188565128
[0.33862253 0.22598176 0.43539571],0.1049865837052518,0.25051310662206216,0.3392500490342297
[0.53978812 0.17052205 0.28968983],0.10506830755442717,0.34924520939175435,0.24357759324052627
[0.30576234 0.36273043 0.33150723],0.08898075773543437,0.21961282869806772,0.3141016767753208
[0.54849591 0.15566299 0.2958411 ],0.10663219822338839,0.3549497096158321,0.24406893674360752
[0.43996712 0.23252702 0.32750586],0.1007086589332358,0.29556916998228033,0.27306183164527736
[0.4249801  0.47422857 0.10079133],0.07094811145964217,0.2639792909076308,0.19300041031426765
[0.27049697 0.44607579 0.28342724],0.07974550987418325,0.19433253459925978,0.3074395648540613
[0.13236869 0.18002206 0.68760925],0.11778077492221839,0.178828980550308,0.5467837182839098
[0.19211333 0.33916461 0.46872207],0.09581028713705442,0.1753029949692157,0.43245289192216696
[0.45149891 0.02570904 0.52279205],0.12621811086688728,0.32493381093867174,0.32689153080143746
[0.39659253 0.05164039 0.55176707],0.1248438949937205,0.2975825368059074,0.352318708345789
[0.73153155 0.0485197  0.21994875],0.11380568493660043,0.4541894969199522,0.2065342452274563
[0.46360531 0.43028605 0.10610864],0.07513369855759391,0.2868562934182073,0.1921997174983175
[0.19669321 0.3480754  0.45523139],0.09453797551474043,0.17582987398657982,0.4239209971817959
[0.42646992 0.2544753  0.31905478],0.09842030606059246,0.2868790282102007,0.2733567056115816
[0.72108563 0.03538831 0.24352606],0.11580677254722829,0.4503862256779139,0.2127213646532407
[0.33644854 0.4222208  0.24133066],0.08048277862932038,0.22692256410887002,0.26653488103678713
[0.48966093 0.09862172 0.41171735],0.11578395615603093,0.33360202863778493,0.2871204247382748
[0.5100081  0.23217783 0.25781407],0.09836239868224125,0.3286351136636979,0.238448039859891
[0.52441765 0.02789857 0.44768378],0.123455689905021,0.35771837469179885,0.28920988471491244
[0.32100441 0.49718176 0.18181383],0.07162127867552615,0.21196098766499738,0.24354141412623134
[0.41166707 0.274402   0.31393093],0.09642969872459727,0.2778152761471518,0.2751097772035918
[0.57413741 0.36262639 0.0632362 ],0.07983607670416201,0.34739447072150065,0.17224245561505042
[0.28731691 0.31392166 0.39876142],0.09572322941174513,0.21740486923347335,0.3483051215859621
[0.51204209 0.15133798 0.33661993],0.10841779190132081,0.3381574643602949,0.2614692893696256
[0.22983124 0.40886587 0.36130289],0.08579350102737159,0.18120804972567783,0.36308266176349896
[0.1827649  0.50632413 0.31091097],0.07519336227571198,0.1497193325242171,0.36864552723533184
[0.48229728 0.20693029 0.31077243],0.1024701011742121,0.318159559767066,0.25920987957926167
[0.41462439 0.27086938 0.31450623],0.09677123030399909,0.27957570161956974,0.2745990794595765
[0.21036598 0.12792888 0.66170514],0.1216437053385229,0.21250317297097698,0.47831617720082265
[0.07903697 0.51668772 0.40427531],0.07743486133250431,0.11157086060656558,0.5147837080421737
[0.6583102  0.07507935 0.26661044],0.11297773558395513,0.4159597416930722,0.22352580373646208
[0.36555516 0.32635405 0.30809079],0.09149642468238811,0.2507920537874675,0.2850824960466148
[0.2350054  0.15571565 0.60927896],0.11732278177275948,0.2174630558753147,0.44753708339572296
[0.45164635 0.27056857 0.27778508],0.09554561182878107,0.2969247941104067,0.25442675494687944
[0.22642582 0.62230741 0.15126677],0.05917718555501178,0.15575142669629874,0.2515366079529002
[0.25755751 0.33852759 0.4039149 ],0.09365693124668187,0.2016668815539823,0.3652405922038584
[0.25045779 0.11864943 0.63089277],0.12143786577172072,0.22864394392894247,0.44364991273613347
[0.28180207 0.56748716 0.15071077],0.06415356256488346,0.18664743068595366,0.23656131993145232
[0.45154025 0.49982441 0.04863534],0.06683605013520441,0.27474015953627295,0.17047398609019448
[0.62988043 0.25152733 0.11859224],0.09184858615174853,0.3849949842174863,0.18662213560465704
[0.46648082 0.15189689 0.38162229],0.10990246958544916,0.3168566953064119,0.283732270509576
[0.15010904 0.4017415  0.44814946],0.08940613967546401,0.15108212793682457,0.4593934479430048
[0.40271552 0.31883596 0.27844852],0.09117001266280853,0.26881265860347336,0.26475692414393215
[0.16541749 0.44074051 0.393842  ],0.08399933543932897,0.1513369516172174,0.42289298651399454
[0.53017875 0.06828799 0.40153326],0.11820052679015079,0.35580223371124037,0.27599749941381124
[0.79113427 0.15280135 0.05606438],0.09871110168983598,0.4739318430419929,0.16608105753059044
[0.34352133 0.26627752 0.39020116],0.09977257521899899,0.24778199273852997,0.32194662064558655
[0.12296686 0.69964845 0.17738469],0.05302090614781148,0.1036161927265528,0.318684804748182
[0.14324416 0.14377795 0.71297789],0.12194907203591744,0.18786291608146366,0.542678002462758
[0.42996586 0.33809563 0.23193852],0.08782797429237055,0.2796121892796907,0.2425787461809239
[0.42046859 0.18811074 0.39142066],0.10693692738494462,0.2916052357224976,0.29813225804929316
[0.34340706 0.2947736  0.36181934],0.09620747803415788,0.24436087683095448,0.31186448101869096
[0.19422336 0.48179783 0.32397881],0.07787416728948279,0.15741354487924666,0.36765684512014885
[0.15320709 0.59351279 0.25328011],0.06528200086492954,0.1273329977361353,0.3556187451014447
[0.26204626 0.43700925 0.30094448],0.08116941139714814,0.19164097918609488,0.31918753315150294
[0.06939883 0.55794989 0.37265128],0.07259585520745204,0.1029949564199055,0.5106643765450151
[0.2640789  0.10981845 0.62610266],0.12207911357547276,0.23513047342635593,0.4341381705568013
[0.30285472 0.26055202 0.43659326],0.10187732475312795,0.2307328670540434,0.35485765768233724
[0.62987292 0.12114664 0.24898045],0.10817839226226025,0.3975655457991884,0.22179586031531875
[0.24219973 0.72511656 0.03268371],0.045762587996320304,0.15400801533749206,0.1672808258704221
[0.25797206 0.3451423  0.39688564],0.09281432532709577,0.20100717358493092,0.3622473965902006
[0.26851616 0.64464375 0.08684009],0.05494342693070739,0.17322200375164873,0.20172625979322095
[0.61729497 0.09297406 0.28973097],0.11213606523748103,0.3943722848972921,0.23362713041936092
[0.67770475 0.12743051 0.19486475],0.10575921123129928,0.4202111498628059,0.20408599643131475
[0.34666403 0.34560038 0.30773559],0.08973053285055557,0.24000137314456288,0.29054222455866513
[0.46621533 0.36461852 0.16916614],0.08326917626633275,0.29432395646782006,0.21496441209076464
[0.24077825 0.12648333 0.63273842],0.12078700156018377,0.22385407946508948,0.45023526844370826
[0.40338267 0.27716625 0.31945108],0.09636617635114306,0.2736756444098919,0.27903899346179023
[0.56156455 0.09090914 0.34752632],0.11429636593580964,0.3680379098385635,0.25621373074630244
[0.44553904 0.53851122 0.01594974],0.06219549262116836,0.2684972036530555,0.15715430941952072
[0.36808178 0.39340254 0.23851568],0.08301271105593847,0.24469591345629932,0.2575143579878052
[0.29945588 0.39653706 0.30400706],0.08496183640228586,0.2128965508850859,0.305133343552146
[0.11421505 0.43150134 0.45428361],0.08690366746221304,0.13463810930974932,0.49691478738975764
[0.20245462 0.35153444 0.44601094],0.09390815167051789,0.17759193356590547,0.4161684046482331
[0.62133457 0.30264868 0.07601675],0.08573749415354111,0.3761258414838194,0.1747752664220203
[0.505461   0.43055699 0.06398201],0.07367153071094154,0.30740816988668684,0.17459370299340224
[0.39870598 0.3766476  0.22464642],0.08406620228284517,0.2608384364490701,0.24561641740769435
[0.56579228 0.38180624 0.05240149],0.07771865326056082,0.3415683905587921,0.1689812490146861
[0.29334236 0.702604   0.00405364],0.046837046463363605,0.1803741301552489,0.14878545188417444
[0.26279156 0.31375002 0.42345841],0.09658160034317817,0.20701243881680562,0.36993719208800097
[0.57022154 0.21470103 0.21507744],0.09849663136028076,0.3593588669543771,0.2184352149859333
[0.52145141 0.3197414  0.15880719],0.08700500792776343,0.32544342349099514,0.20588834522759197
[0.58782539 0.18300641 0.2291682 ],0.10186553509076374,0.37103103113040387,0.22064336463003545
[0.27201415 0.22865373 0.49933211],0.10692479732101307,0.22193088571082223,0.39167507957534486
[0.23005535 0.36856983 0.40137482],0.09083273692138197,0.18640284144803534,0.3799981608173523
[0.01532111 0.77636875 0.20831014],0.0470852362425294,0.06401818865878692,0.42308657601813876
[0.63047581 0.09752487 0.27199933],0.11111633198996382,0.40024654083987826,0.22765051710069772
[0.05386812 0.6291734  0.31695848],0.06420540745417783,0.08914192997607889,0.4958991516791288
[0.4215348 0.0474904 0.5309748],0.12451256143577555,0.3089885164013804,0.33824092446209963
[0.15985505 0.68391944 0.15622551],0.053732159809101336,0.12030156930780399,0.28039667315389816
[0.27268202 0.05226575 0.67505222],0.12899374659229174,0.2466721655050803,0.44185669010980066
[0.40171411 0.04673188 0.55155401],0.12528389953620092,0.3004264308278185,0.35044819207848465
[0.31956815 0.36969458 0.31073727],0.08763743882848288,0.22499367361238223,0.3006192918339929
[0.35922139 0.50163001 0.1391486 ],0.069760086128485,0.22964002615497878,0.2166873387085536
[0.09142902 0.43309527 0.47547571],0.08748155916132812,0.12744131787676494,0.5295108390716927
[0.28982438 0.21019676 0.49997886],0.10862870921436088,0.23171527566345992,0.3824897126898271
[0.69244923 0.04300781 0.26454296],0.11582962094554783,0.4357164715656113,0.2199357316036595
[0.51068205 0.46999117 0.01932678],0.06855443356954044,0.30659894359292117,0.15836464731596508
[0.19731916 0.20541083 0.59727001],0.11238466144113841,0.19634270697057632,0.470527593647688
[0.02133787 0.11270392 0.86595821],0.1300007285754215,0.16534363963578494,0.6652855157762857
[0.16694631 0.61034339 0.22271031],0.06270523003551304,0.13102435155373765,0.3259335347139507
[0.09338268 0.22835632 0.67826101],0.11305745584861,0.16019389122308447,0.5809051464953746
[0.41078034 0.3985502  0.19066946],0.08091099640594727,0.26435258649422727,0.23041573836568988
[0.57286512 0.17576855 0.25136633],0.10328252911591133,0.36454223889163456,0.22845783075543205
[0.90097922 0.01306928 0.0859515 ],0.11246364725234718,0.5411832660415149,0.17085459409835885
[0.49990215 0.06380174 0.43629611],0.11979552986192332,0.3423075361403396,0.291537635972493
[0.30732694 0.22213702 0.47053604],0.1065360118599135,0.23751388728172484,0.3643408511826074
[0.57619834 0.24093968 0.18286198],0.09500642212403143,0.35968773444259755,0.2085320541726776
[0.3066856  0.47679372 0.21652068],0.07466337981582528,0.2073889236632176,0.2635790709083098
[0.39363387 0.25820488 0.34816125],0.09907365305279583,0.2713221789798236,0.2914382206059019
[0.25974669 0.17537687 0.56487644],0.11401606658835461,0.2242352611558364,0.419274230572579
[0.43088332 0.0790623  0.49005438],0.12023933589420349,0.3092400080406153,0.32414737190486087
[0.22340387 0.40999925 0.36659688],0.08587087036337801,0.1783906976719929,0.36925058998589055
[0.59357502 0.03136594 0.37505904],0.12066157545975958,0.38960027769356803,0.2583714160977391
[0.3779722  0.44206432 0.17996348],0.07658056996745022,0.24438629413205648,0.23152104404380533
[0.07114765 0.42627005 0.50258231],0.0890284426515191,0.12295608358275614,0.5614072979565846
[0.54212928 0.17704795 0.28082277],0.10417108376765835,0.34968020468001776,0.24070874656654034
[0.01750758 0.87039556 0.11209685],0.03523422595961603,0.05744087534288909,0.2652157695835316
[0.41040512 0.19509185 0.39450302],0.10640597085144932,0.2862186420874317,0.3018879910172124
[0.3860078  0.49167453 0.12231767],0.07009293438615814,0.24345795523607636,0.20575599732440047
[0.0104932  0.13062851 0.85887829],0.12812581130431877,0.160784896138968,0.6724873660450329
[0.42179825 0.28835183 0.28984991],0.09433684520830567,0.2810105280340487,0.26453402201108506
[0.37897717 0.09993691 0.52108592],0.11939607612489969,0.2838210215881126,0.350206885905532
[0.31705182 0.29007478 0.3928734 ],0.0976952975729368,0.2332399170913593,0.3331132103880135
[0.04937119 0.17479906 0.77582975],0.12126703782221493,0.15929107908039328,0.6357357763337521
[0.08890656 0.64764542 0.26344802],0.060696266557205204,0.09711228428532653,0.41906404381998796
[0.37661788 0.27929218 0.34408994],0.09701320355722752,0.2611555232913344,0.29489402554704824
[0.45435265 0.18774607 0.35790128],0.10582638172225908,0.3072168593631853,0.2793674211114727
[0.22925049 0.31960258 0.45114693],0.09699311125375303,0.19248200229433846,0.40000161228589654
[0.74851883 0.21961923 0.03186193],0.09179664467464298,0.44678426936379734,0.16069644702773103
[0.28859302 0.65481847 0.05658851],0.05298401363534946,0.18192155327126483,0.1813089930370521
[0.34772861 0.41811734 0.23415404],0.08061180888735502,0.2325959019734841,0.2605884642553365
[0.8092307  0.11189676 0.07887254],0.10321670183285306,0.4865971413420629,0.17101765457013704
[0.38083543 0.259137   0.36002757],0.09939362768239313,0.26538245647395237,0.29916682789536886
[0.28982081 0.16423171 0.54594749],0.114385730628839,0.23783326678621852,0.39685672195588856
[0.45260438 0.39331551 0.1540801 ],0.08013946134880362,0.2849722073972948,0.21103623366667482
[0.56601288 0.34616276 0.08782436],0.08217529854374475,0.3448435968015367,0.18029999431750413
[0.45765691 0.06826018 0.47408291],0.12067865862140367,0.3225470137346606,0.31213638426125917
[0.38021372 0.15782325 0.46196303],0.11210389815704022,0.2771505225167866,0.3323244615259984
[0.36195808 0.30360957 0.33443235],0.09446780198171117,0.25171295067072014,0.2958441422393347
[0.2994122  0.31463461 0.38595319],0.09522121062478908,0.22255100133589847,0.33799538161258125
[0.25998894 0.50965712 0.23035394],0.07214081996867255,0.1825784861918801,0.28558030607108537
[0.50106076 0.47893735 0.02000189],0.06776227423851175,0.30105865835007933,0.15864773496390344
[0.3895195  0.51079216 0.09968834],0.0675787151901738,0.24339569463895624,0.195478869339699
[0.37429346 0.60333509 0.02237145],0.05650771723080197,0.2279310838525162,0.16016998038944283
[0.36339767 0.15493662 0.48166571],0.11303924562939204,0.2701356668118807,0.3444167396606071
[0.40637891 0.39516681 0.19845427],0.08148493821730331,0.26259295422817835,0.2341454225153215
[0.42555454 0.41691885 0.15752661],0.07810627455657532,0.2696371713858881,0.21549801259937262
[0.56689882 0.02530968 0.4077915 ],0.12233035962837305,0.37773147128945367,0.27090768814960037
[0.53799597 0.28200872 0.17999531],0.09116629603489688,0.33712598634380636,0.2110970346923075
[0.39540957 0.19300873 0.4115817 ],0.10717856217438532,0.2796853039536953,0.31170233452387114
[0.07102885 0.3426555  0.58631565],0.09950481268767096,0.13609774603959246,0.5841743526343343
[0.45565183 0.18368016 0.36066801],0.10629128471922333,0.3082735027663891,0.27991794281656185
[0.51070875 0.35500521 0.13428604],0.08295495634757458,0.31686236822838454,0.19868233864299908
[0.02664513 0.95012914 0.02322574],0.024936183621547228,0.05656801383337179,0.08726103829785112
[0.37337228 0.22578037 0.40084735],0.10382604804213101,0.2659135887865544,0.3152379253149682
[0.37197187 0.46471107 0.16331706],0.07394892201890399,0.23929682778474032,0.2254477107713011
[0.46524603 0.24374298 0.29101099],0.098441327144931,0.306187323264589,0.2561873767619917
[0.25249026 0.35154269 0.39596705],0.09219976160534947,0.1978936499235397,0.3648412247348277
[0.47796115 0.25990264 0.26213621],0.09598353190168066,0.3104987324331751,0.24471446729024465
[0.67865249 0.21969983 0.10164768],0.09417058668580966,0.41201033975661805,0.18002117793845554
[0.37799379 0.30616969 0.31583652],0.0935999767461884,0.2587524196965245,0.2844416946226415
[0.79573482 0.14338144 0.06088373],0.09973391551949291,0.47706167256247767,0.16713544622273271
[0.54878888 0.23767522 0.2135359 ],0.09635056744090935,0.34671114144619475,0.2202137696597731
[0.3678019  0.11811155 0.51408655],0.1175011221703545,0.27668189714541885,0.3523942953127494
[0.6079971  0.06913203 0.32287087],0.11543943335201334,0.39240650026724133,0.24321572982867523
[0.38368471 0.41232134 0.20399395],0.08011080712039415,0.2500839572351428,0.24036250779523063
[0.34624439 0.09428349 0.55947212],0.121221074214072,0.2705515307624803,0.374128632459799
[0.1270095  0.51683436 0.35615614],0.07577953837875961,0.12702662250001684,0.4391169132970706
[0.44981052 0.37946145 0.17072803],0.08196995026608683,0.28496193610594606,0.21746746640241457
[0.30255767 0.37789916 0.31954317],0.08719030102340514,0.21642465558068286,0.3104558528376942
[0.65646322 0.29482931 0.04870747],0.0855181436610527,0.39427585263592785,0.16617336117094594
[0.34851773 0.31783533 0.33364694],0.09314471750674674,0.2439916625277903,0.29978367600333744
[0.63570553 0.11111197 0.25318249],0.10923615964638597,0.4013956241122485,0.2223147296230401
[0.47149589 0.43280692 0.09569718],0.07454872238629937,0.2904896037102914,0.18778201246989004
[0.64539098 0.17755092 0.17705811],0.10058450967483146,0.39957657365168925,0.201674760205229
[0.31402003 0.34674839 0.33923159],0.09070065636207733,0.22515367691017663,0.31401066743530387
[0.07410555 0.7107549  0.21513955],0.05329716225485217,0.08499278967482606,0.3917645529961282
[0.06561324 0.45024649 0.48414027],0.08621435879191391,0.11787259103741786,0.5617451708590558
[0.37050708 0.3478968  0.28159612],0.08862932606377771,0.2506976997417978,0.27375331378972134
[0.52648262 0.08313771 0.39037967],0.11646679400671181,0.35242105518652284,0.2737259666726089
[0.27487193 0.19157828 0.5335498 ],0.11147080313053923,0.22806565945918345,0.4010722322135026
[0.62209576 0.10167569 0.27622855],0.11088241226454815,0.3957866095296932,0.22962477778756143
[0.42422714 0.04726873 0.52850413],0.12444845334573723,0.31020066892160975,0.3367125342084037
[0.31575385 0.306469   0.37777714],0.0956862903933555,0.23069191286309543,0.3280838476478006
[0.44565152 0.18795354 0.36639494],0.10609730400118496,0.30317130590960495,0.2839889604422397
[0.33056866 0.15603003 0.51340131],0.11402251933424476,0.25588109802973386,0.3674461304809594
[0.34573596 0.28548163 0.36878241],0.09729178378062804,0.24649364999069054,0.3135650098229596
[0.35947478 0.29360121 0.34692401],0.0958060383710245,0.2517321504096741,0.3011376903889955
[0.34939546 0.34071372 0.30989082],0.09024935976296292,0.24179546314832445,0.2905321665190628
[0.41999765 0.08849781 0.49150454],0.11942903414215908,0.303246850201938,0.32788150668654054
[0.50485825 0.01693622 0.47820553],0.1254960936336429,0.35002879655697705,0.30139261304025433
[0.1067248  0.27753184 0.61574337],0.1064431897124666,0.15588529387017072,0.5545307550592997
[0.08877539 0.45170059 0.45952402],0.08524188258570042,0.12389197241082207,0.5266029857799042
[0.63362838 0.00797345 0.35839817],0.1222246376000372,0.41109725419059995,0.24866290532955507
[0.27665795 0.44000828 0.28333377],0.08029520618530273,0.19776308417390573,0.30488605311333683
[0.18119999 0.44218724 0.37661277],0.08327959608673377,0.1572253991648756,0.4024769307176326
[0.4732491  0.06492119 0.46182971],0.12056480163965269,0.32999999646445827,0.3047418264153943
[0.29318973 0.52162719 0.18518307],0.0695087219264604,0.19651296480778682,0.2519361609290555
[0.37946088 0.55905148 0.06148765],0.061877698101201827,0.23420552676751794,0.17880747170740918
[0.5536063 0.4063234 0.0400703],0.07506381666033964,0.33338343289691386,0.165166625653429
[0.27957957 0.65785521 0.06256522],0.052911241198401404,0.17734326706039522,0.18557931036193948
[0.37584383 0.22329888 0.40085728],0.1040525054063998,0.2673149675556255,0.314432469588181
[0.02419231 0.46094333 0.51486437],0.08628803074263516,0.10757558376809248,0.6161995912152006
[0.52410987 0.4055206  0.07036953],0.07617086563472616,0.3188351936156686,0.17617523648420017
[0.94197268 0.03054375 0.02748357],0.10887624216341295,0.5601172202822687,0.15867436126785056
[0.20447225 0.30874789 0.48677986],0.09919811242340604,0.18422774002835468,0.42989243862632504
[0.48708534 0.31786059 0.19505406],0.0884132367824166,0.3089782765568216,0.2214176269762295
[0.53188687 0.22733394 0.24077919],0.0982225071789995,0.33960712815165023,0.23033234786541212
[0.09903897 0.48108592 0.41987512],0.08121129038758605,0.12266203353132571,0.4990239328777618
[0.2244392  0.08375037 0.69181043],0.12669663214060475,0.2241404795898203,0.47602571537216676
[0.34839735 0.14545648 0.50614617],0.1147384405508467,0.2648463086342198,0.35771100997933974
[0.09892406 0.28312532 0.61795062],0.10600881618703736,0.15282703321416202,0.5627853553010488
[0.28830442 0.43859393 0.27310165],0.08007493618003594,0.20313917227709222,0.2957328983210124
[0.16444425 0.59008204 0.24547371],0.06532824270806595,0.13227997006356673,0.3426689822070839
[0.66865611 0.17197258 0.15937131],0.10048929709316838,0.41151394858651785,0.19559311991643483
[0.02961407 0.61985155 0.35053438],0.06620054087789641,0.0849821489823387,0.5436499480320034
[0.37486887 0.20522933 0.41990179],0.10634889767326541,0.26903265396840736,0.3209606581192386
[0.10133878 0.47446417 0.42419705],0.08196215577626634,0.12433140026011813,0.49836288859156347
[0.32436253 0.35543943 0.32019804],0.08925922972105094,0.2287811702915226,0.30273133769181226
[0.7926926  0.16613457 0.04117283],0.09698800601719734,0.47353574730787934,0.16258119150430675
[0.39453036 0.26419921 0.34127043],0.098292301567633,0.2710536166894959,0.2888443346517687
[0.66507112 0.16202423 0.17290465],0.1018576101147154,0.4107011142003415,0.19931187738337852
[0.52078959 0.32688182 0.15232859],0.08613328771882288,0.32443948780120657,0.20383858995408305
[0.43206662 0.05643378 0.5114996 ],0.12303307084557816,0.31253223825922527,0.3296718169602679
[0.19535956 0.57923649 0.22540395],0.06563167781493831,0.14648472009451222,0.31151152001039195
[0.84411392 0.02154795 0.13433814],0.11334213932157694,0.5121576468462724,0.18225274951248402
[0.26655762 0.32594511 0.40749727],0.09492571641536526,0.20704957380057268,0.3618733187421708
[0.15793146 0.37632356 0.46574498],0.09232268984859761,0.15746959724980206,0.45928033799355206
[0.5998961  0.03047656 0.36962734],0.1205572721547142,0.3926832397393586,0.2560773213072668
[0.07867967 0.18149232 0.73982801],0.1194286520081902,0.16433518153028207,0.6050357025337783
[0.11313305 0.39608776 0.49077918],0.0913759673672937,0.13951782299993468,0.5115903175132478
[0.55230248 0.44001533 0.00768218],0.07088855569808553,0.32986606861559487,0.15427035557691093
[0.35026555 0.55546108 0.09427337],0.0633236040901253,0.2203370460350305,0.19662423940837193
[0.75826224 0.07180471 0.16993306],0.10997722491285715,0.4650585166708124,0.19347506106752313
[0.36176682 0.1209608  0.51727238],0.11735020154663194,0.27371641345041997,0.35566081083502726
[0.4079187  0.47366335 0.11841795],0.0716010857687238,0.2557364190576619,0.20177449093431268
[0.18435459 0.11510189 0.70054352],0.1241378060079173,0.20546703797502258,0.5068346097468768
[0.42195941 0.01886558 0.55917501],0.12808319238418256,0.3127649609530115,0.34557321272449226
[0.03990644 0.41563744 0.54445612],0.0914261627224688,0.11758108623317905,0.6074630283719369
[0.36491324 0.29918371 0.33590305],0.09492128184442711,0.2535608673291497,0.295476516678621
[0.27499425 0.66010338 0.06490237],0.052786132292545224,0.17496072975818458,0.18739137827019436
[0.39598795 0.24232895 0.3616831 ],0.10098170818903104,0.2742076802502329,0.29532983217366415
[0.27881321 0.39670729 0.32447951],0.08564490177899797,0.20371540217965117,0.3222382847670373
[0.83746946 0.09344395 0.06908659],0.10456424103411904,0.5023191923145215,0.16834762105042184
[0.19328626 0.12479721 0.68191654],0.1226187405626381,0.20700482146503468,0.4957311614114819
[0.1430924  0.63699815 0.21990945],0.060180813083817175,0.11832165779573968,0.33958967303502346
[0.11169286 0.48432186 0.40398528],0.08037421827948937,0.12624634051619743,0.4782254917855884
[0.28102813 0.31327603 0.40569584],0.09601868231446775,0.21478896878835807,0.35392265600647593
[0.10386281 0.45296515 0.44317204],0.08456867683254751,0.12823513468396794,0.503517830676244
[0.42502269 0.13041169 0.44456562],0.11400805516686797,0.30043650677394074,0.31290490019444617
[0.2002542  0.08501977 0.71472602],0.1273629053032845,0.21547091647615976,0.49827098273452325
[0.22478545 0.42188789 0.35332666],0.08433473252693498,0.1774797725617398,0.362490505809922
[0.49051544 0.28101416 0.2284704 ],0.09291102911159176,0.3143170738198542,0.23196649238780948
[0.26525552 0.70607043 0.02867405],0.04736129535136439,0.16652176720578174,0.16431062323253068
[0.46012908 0.30710001 0.23277091],0.09068077091194102,0.2971390555927454,0.23787102227589726
[0.34778705 0.2333752  0.41883775],0.10374787189862553,0.2536311275179429,0.33019555887398266
[0.56320246 0.26369909 0.17309845],0.09259937208890638,0.35115872503152623,0.20674232736888018
[0.3453181  0.53187372 0.12280818],0.06644662761150691,0.22012477704288502,0.21100136129817912
[0.31342026 0.31774379 0.36883595],0.09435380653719322,0.22831365648433297,0.32566517343782025
[0.07490651 0.40754652 0.51754697],0.09124521062489666,0.12681983197485747,0.5617828813952481
[0.12939675 0.17106412 0.69953913],0.11900412357924728,0.17938692628423925,0.5519026699993448
[0.11846833 0.55928435 0.32224731],0.07075433120742017,0.11840394451589081,0.4286540572185794
[0.15814831 0.55699966 0.28485203],0.06968648524080054,0.13364568456080167,0.37177770014860323
[0.3509317  0.24487593 0.40419238],0.10220015766528223,0.25363325603381287,0.324090613946634
[0.10729788 0.2566122  0.63608992],0.10904371798053264,0.1593741958971529,0.5587085003270804
[0.20816202 0.52960065 0.26223733],0.07141147022210423,0.15755979271401852,0.32629815853730815
[0.41270217 0.06983028 0.51746755],0.12201599391676045,0.30232445201087166,0.3374387788953701
[0.59448145 0.30923503 0.09628352],0.08582888939868306,0.36224422536904416,0.1817251588527559
[0.16536981 0.50633825 0.32829194],0.07578516357309457,0.14276962209459942,0.39073552731078337
[0.54948062 0.28564253 0.16487684],0.09031929003676578,0.34236278066749243,0.20539408489341857
[0.41392344 0.4740404  0.11203617],0.07134896418549444,0.25861552180640784,0.1985532957450744
[0.17818701 0.03898343 0.78282955],0.13388172860757053,0.21537407768530964,0.528762466827447
[0.33481417 0.2393975  0.42578834],0.10343628002296512,0.24719887629348902,0.3375269389327833
[0.35660233 0.25908709 0.38431058],0.10022678083231107,0.2544655256218902,0.31527563757897753
[0.35036179 0.19049809 0.45914012],0.10903016421280305,0.26002545267318233,0.3423901902584214
[0.03743739 0.34833939 0.61422322],0.09993916807335892,0.1280064729294272,0.6244931701026646
[0.06411372 0.19898871 0.73689758],0.11773434567774566,0.15816178093693126,0.6179390817350388
[0.53143636 0.17991364 0.28865   ],0.10417704235339206,0.34428509792662904,0.24449807110539276
[0.03533466 0.12608362 0.83858172],0.12784737660849008,0.16516933170187617,0.6529503721862249
[0.50217677 0.0025704  0.49525283],0.12738684203078265,0.3505046622710047,0.30637778492016987
[0.32578605 0.4424141  0.23179984],0.07831749925185522,0.2198424024453915,0.26526956857806894
[0.30849872 0.29249361 0.39900767],0.09768420620793289,0.2292089345500104,0.33892311554278964
[0.29242981 0.06276471 0.64480548],0.12700495264197526,0.25285244236192744,0.4231912954544877
[0.4460099  0.12775805 0.42623206],0.11362426846836304,0.31024648093251433,0.30177382894708304
[0.5585716  0.05407735 0.38735104],0.11901149618232457,0.37064619554029177,0.26713209894949896
[0.29801049 0.58302056 0.11896895],0.06165500276261716,0.19279497921366123,0.21605854536519764
[0.27980868 0.33858381 0.3816075 ],0.09289061674411384,0.21113283549089396,0.3452358159953645
[0.3799474  0.27647392 0.34357868],0.09725256482840804,0.262994187814962,0.2937424795211123
[0.59113132 0.38819583 0.02067285],0.07605374808427043,0.3536291500874812,0.15850997597455918
[0.40529091 0.30018725 0.29452184],0.09341779394789759,0.27203081780653265,0.2698877816119792
[0.17003382 0.51945165 0.31051453],0.07398362487151329,0.1429744674299729,0.3775752820898164
[0.46001708 0.07529504 0.46468788],0.1197170410172185,0.32277612990052335,0.3089356113413665
[0.4935864  0.02381077 0.48260283],0.1250197168386593,0.34408950873891403,0.3052104588237983
[0.19752364 0.42268623 0.37979013],0.08516499436092406,0.1662255947436888,0.3920274399463276
[0.25962509 0.33812071 0.40225421],0.09363733968910025,0.20258847594769921,0.3634823715644648
[0.28892615 0.23380105 0.4772728 ],0.10570303611822528,0.22825527466709933,0.37547012327850704
[0.34115912 0.32191847 0.33692241],0.09288442099541412,0.24019849129644888,0.3034341331705594
[0.3171046  0.59538322 0.08751218],0.05945509516763111,0.20078072029549646,0.19650838541451382
[0.62239162 0.00658258 0.3710258 ],0.12278226744605847,0.40591162707026723,0.2532134104851987
[0.25132788 0.27170448 0.47696764],0.1022387740564149,0.20776943805906348,0.39581747356431
[0.36151805 0.41746869 0.22101326],0.0802225144542918,0.23910862836633925,0.2518625733657116
[0.55401838 0.33733676 0.10864486],0.0836899975033278,0.33973420066150817,0.18747007919519085
[0.31909052 0.35333643 0.32757305],0.08970251651126011,0.22665453849307676,0.30752755702436196
[0.27158701 0.22253767 0.50587533],0.10770538041708966,0.22257105083349557,0.3940556513915265
[0.50696248 0.46799414 0.02504339],0.06893147490548977,0.3049175660284706,0.16047443754329643
[0.30461315 0.3393797  0.35600714],0.09194453713575199,0.22185207445861882,0.32429057655339394
[0.33698037 0.30993131 0.35308831],0.09452834444382782,0.23970993865776236,0.31091053154134385
[0.33313846 0.35408909 0.31277245],0.0891288943527682,0.23289809654001725,0.2968203492418422
[0.81701214 0.01558961 0.16739825],0.11501318089005183,0.4993184581515213,0.19028573716619843
[0.00486964 0.41690039 0.57822997],0.09246353884160971,0.1118818212453539,0.6476792926234108
[0.19782695 0.75320639 0.04896666],0.04375859750027386,0.13102092330207077,0.18133437699487162
[0.67347734 0.25342549 0.07309717],0.09012320142893165,0.40640223658572583,0.17254629801757987
[0.47285812 0.24989904 0.27724284],0.09741056458596878,0.30912828542783566,0.25041566312455693
[0.18629538 0.48683663 0.32686799],0.07751360705078797,0.15356014025893613,0.3745347389876526
[0.19007766 0.37265643 0.43726591],0.09168506123429476,0.16993613198241686,0.4218353118788884
[0.33738122 0.5117807  0.15083807],0.06923400950400382,0.21825044540328872,0.22558492108929246
[0.17356365 0.6525958  0.17384055],0.057187518255779814,0.1293109934056243,0.28758203209474664
[0.39159544 0.52871028 0.07969428],0.06526371972083282,0.24279412672266032,0.1864283964847997
[0.31750147 0.14358771 0.53891083],0.11602674938845611,0.2520099217169026,0.38104352691450194
[0.26283015 0.43809544 0.2990744 ],0.08100662282663466,0.19185951799701928,0.3179754826006727
[0.02666671 0.38892145 0.58441184],0.0952239885680853,0.11950334214288591,0.6294718391904273
[0.26100215 0.35539537 0.38360248],0.09142678291521011,0.20100763228821877,0.3553436359709635
[0.21699035 0.20173505 0.5812746 ],0.11217379884980921,0.20408369521999112,0.45164704975794795
[0.19109489 0.39046737 0.41843774],0.08941961682316238,0.16792920645884923,0.41338620176338137
[0.25781797 0.17279511 0.56938691],0.11440523187136925,0.22383415088443884,0.4217642012996882
[0.18065574 0.54078142 0.27856283],0.07094972389788735,0.14469620782155973,0.3521151291035828
[0.48130973 0.06888186 0.44980842],0.11979369619839951,0.33320468699831834,0.29949667604436536
[0.37447886 0.48625096 0.13927019],0.07116561042288316,0.23841876220228306,0.21460395964757342
[0.40567575 0.47500112 0.11932313],0.07151007241824517,0.254525013043415,0.20237725087341005
[0.12572108 0.03104929 0.84322964],0.1366657271078614,0.20124485706903764,0.579720291027556
[0.43810143 0.394517   0.16738157],0.08048386266991646,0.27785332086670705,0.217682705685321
[0.26374268 0.40109075 0.33516657],0.08561014290159982,0.19661225320783485,0.33370322465225327
[0.54292728 0.07499286 0.38207985],0.11692575784179143,0.36100811598096433,0.2684863678990038
[0.26083127 0.27623712 0.46293161],0.10134680066897248,0.21105501214415964,0.38542937143520245
[0.38212093 0.54702468 0.0708544 ],0.0632932280823676,0.23655433080641247,0.18301600285558592
[0.07400272 0.51487105 0.41112622],0.07783417304126067,0.11042086663806355,0.5237612672505909
[0.62417297 0.18081158 0.19501544],0.10090014520486668,0.3888980476299323,0.2080240456281479
[0.63443451 0.13613117 0.22943432],0.10614599747353781,0.39827908541158846,0.2162955591416834
[0.34812558 0.54524511 0.10662931],0.06467612687582083,0.22023463761307913,0.2028569500239577
[0.37422422 0.04874633 0.57702945],0.12596963228514624,0.2883537538523801,0.36749870903153337
[0.14131796 0.32652734 0.5321547 ],0.09912632496599424,0.1589839614419641,0.49770004627088565
[0.43156795 0.3533807  0.21505135],0.08585892504485687,0.27881139244566056,0.23621317790194876
[0.16678213 0.33530877 0.4979091 ],0.09715758383428215,0.16649078690487948,0.46343455556110913
[0.33935718 0.28600272 0.3746401 ],0.09744418120001812,0.24358472538078382,0.3179352936804781
[0.42771834 0.05529594 0.51698572],0.12332395501186902,0.3107468491249273,0.33250201990086936
[0.52532113 0.09616532 0.37851355],0.11487478215678511,0.3504313401320562,0.27073714959692985
[0.2410902  0.64291261 0.11599719],0.05609609486305828,0.1605215915121372,0.22486753665365328
[0.28979426 0.48655847 0.22364727],0.07401677319122718,0.19859004984445042,0.2720014080943979
[0.27849245 0.33316725 0.38834031],0.09361392908153185,0.21123362974564838,0.34849530905742704
[0.29838484 0.50779389 0.19382127],0.07106400498535231,0.2003341172609348,0.2548942021634864
[0.40354018 0.37691522 0.2195446 ],0.08386772743786826,0.26309775073110797,0.24275284475214903
[0.4238614  0.26223901 0.31389959],0.09753694889151729,0.2848137386360032,0.27223739017242715
[0.09168158 0.77694059 0.13137783],0.044407982857165,0.08435123585547775,0.289361295179885
[0.35654921 0.33754077 0.30591002],0.09040265053758767,0.24541838181792974,0.2868678785023437
[0.06002706 0.50320003 0.43677291],0.07977280099248493,0.10848069533795887,0.5509994271908912
[0.26007568 0.06329198 0.67663234],0.12804292902101902,0.24028542783788767,0.44964411697038853
[0.44081723 0.24319219 0.31599058],0.09934389032019947,0.2947947517829215,0.2691496026992572
[0.2860309  0.38414035 0.32982875],0.0869725617412581,0.20836927326190816,0.3214128488948438
[0.3817259  0.20633619 0.41193791],0.10597628843292979,0.271963437996801,0.31613178986927315
[0.42773767 0.10475122 0.46751111],0.11712926188969366,0.3047265383682831,0.3187423793470401
[0.0885293  0.62189988 0.28957082],0.06393364381163984,0.10018081817228934,0.43854347182594844
[0.3440397  0.34015342 0.31580688],0.09050228855732322,0.23942113749822105,0.2944697752839265
[0.67200667 0.25916269 0.06883064],0.08945482838746081,0.40516002638784665,0.1714256685356564
[0.31694392 0.13647703 0.54657905],0.11693635167793195,0.2527181987695975,0.38357487569111937
[0.17634019 0.49708012 0.32657969],0.07657035924045505,0.14827740410263823,0.38151705974901484
[0.45265363 0.07293519 0.47441119],0.1202638629984335,0.31973369307550137,0.31358554062288757
[0.4577005  0.24158954 0.30070996],0.09896850962626075,0.30286919343663443,0.2607347044121949
[0.53030239 0.12122928 0.34846833],0.11156566766563367,0.3500157391221217,0.26160442926163985
[0.43685679 0.1603973  0.40274592],0.1098486905819188,0.3022826292680023,0.29723405145539933
[0.29750015 0.11264172 0.58985813],0.1205850854561733,0.24795693899546106,0.40565545720829593
[0.3885931  0.22172156 0.38968533],0.10381501617148794,0.27323665921418594,0.30674879576018627
[0.34587216 0.24936196 0.40476587],0.10181094871838393,0.2508524692696354,0.32613172577722277
[0.37058237 0.08909312 0.5403245 ],0.12104066181818918,0.2815809307996137,0.35883346763312773
[0.14539926 0.41699865 0.43760208],0.08765596573119336,0.14726152554208768,0.4594273044649203
[0.15292158 0.0617115  0.78536693],0.13189727610318602,0.20394033828490513,0.5486765249298805
[0.30393386 0.038447   0.65761914],0.12965807788363176,0.26081394203258484,0.4204456135628348
[0.03327425 0.40025185 0.5664739 ],0.09357944198892985,0.11880778823692356,0.6193149715252635
[0.47568267 0.28290631 0.24141102],0.09318018268601147,0.3070346732896869,0.23834501133676858
[0.27658919 0.09215453 0.63125628],0.1238645474012558,0.24249497205141268,0.4283162925919755
[0.03971651 0.32480147 0.63548202],0.10280940859844208,0.13229961474501217,0.6259232784467657
[0.46902728 0.35450275 0.17646996],0.08444017575557047,0.296666987673927,0.21721384054500203
[0.39561677 0.33420073 0.2701825 ],0.08948787875273284,0.2638489816151877,0.26336231554639045
[0.08909443 0.60432464 0.30658093],0.06611557413541552,0.10261097193722306,0.44942147281899664
[0.19930384 0.3766052  0.42409096],0.09087567435537397,0.1729902614570866,0.40970904233794675
[0.35509681 0.31479419 0.330109  ],0.09330110890585303,0.24732166019603571,0.29637965735694977
[0.01214189 0.45805231 0.5298058 ],0.08706131061893631,0.10622681265829147,0.6313030480793765
[0.01846663 0.24998978 0.73154359],0.11290431537259328,0.1413593008199601,0.6572211013615532
[0.15446863 0.60308364 0.24244773],0.06404025158666088,0.12673205994594308,0.34750679193130785
[0.00986073 0.19622701 0.79391225],0.11993149869767623,0.14938658351836187,0.6689456063863536
[0.35640222 0.42667425 0.21692353],0.07924413016637555,0.23575608558618213,0.25129417134268833
[0.09867715 0.49273697 0.40858588],0.07976439909253548,0.12088000251236534,0.4944109683189485
[0.59017852 0.06855658 0.3412649 ],0.11611952608865726,0.3839877636159251,0.2503192424246065
[0.12379419 0.26786638 0.60833943],0.10707128584325887,0.1623951229335439,0.536169339758378
[0.38191972 0.30158336 0.31649692],0.0940404276896599,0.26106813008981977,0.2836057685945293
[0.21504163 0.36742284 0.41753552],0.09148870186738017,0.18045400320542546,0.3961602435940353
[0.46428548 0.38242914 0.15328538],0.08110433544275852,0.29167268793480483,0.20949625374733977
[0.49850079 0.31700988 0.18448932],0.08813025670789136,0.31457269185727815,0.2165803277634859
[0.47211864 0.02157499 0.50630638],0.12603227772651032,0.334656736778644,0.3168389160402425
[0.26249649 0.3624514  0.3750521 ],0.09049205745765937,0.2007699138592134,0.3511086701321731
[0.41716408 0.29671597 0.28611995],0.0934474087541228,0.27794273181607376,0.26425374851221506
[0.0906548  0.70509729 0.20424791],0.053441043811060705,0.09108647640292072,0.36713511304504043
[0.38211311 0.26541598 0.35247091],0.09856361761262288,0.26524293848494573,0.2961949451373684
[0.04944646 0.10060891 0.84994462],0.13055642546613735,0.17201495039902584,0.6427140502013217
[0.46371534 0.45839137 0.07789328],0.0716098883258057,0.2843699995598126,0.18148851287299872
[0.46721025 0.36024146 0.17254829],0.0837834324302909,0.2952301216700928,0.2160464930525151
[0.20869673 0.24611522 0.54518805],0.10689839958016775,0.19462737462328608,0.44648600819060136
[0.64797343 0.18144412 0.17058246],0.10000878472214184,0.4004683611060021,0.1997880294492575
[0.06460345 0.43353377 0.50186278],0.08834200342070632,0.12019807773763241,0.5685781728546674
[0.71991587 0.05689045 0.22319368],0.11315364915789917,0.44769857621487913,0.20807224795190948
[0.47618535 0.14535828 0.37845637],0.11039025273124659,0.3220819072841589,0.2806436831346108
[0.51527549 0.31505621 0.1696683 ],0.08780254515311502,0.32289117500505343,0.20998574876521126
[0.08033339 0.40701487 0.51265174],0.0911266167818468,0.12832755170762822,0.5542583477622662
[0.5294579  0.43604721 0.03449489],0.0721650654350674,0.31882232094937374,0.1636179840850941
[0.47013448 0.38772063 0.14214489],0.08024201736481423,0.2940072166801798,0.20489979138962877
[0.4527939  0.27809854 0.26910756],0.09456336214354313,0.29667029682674484,0.25133410031637937
[0.33752917 0.36626896 0.29620188],0.08745360155630238,0.23352272871528404,0.2888524039068731
[0.09186133 0.24258185 0.66555682],0.11132768935765847,0.15748442708862886,0.5799156846553545
[0.21831514 0.36172774 0.41995712],0.09209028525741972,0.18251768511050642,0.39497698655213725
[0.22020672 0.30717315 0.47262012],0.09885843581072154,0.19055657555422384,0.4138321418789454
[0.43006601 0.21709678 0.35283721],0.10297907601754985,0.2927009264122678,0.2834944085577448
[0.48768513 0.35510597 0.1572089 ],0.08372796747398865,0.3056408994440154,0.2085060199401153
[0.32329694 0.3412946  0.33540845],0.09106716141870469,0.22993225992152594,0.30907868884061485
[0.47706469 0.13095202 0.39198329],0.11216456196775897,0.324114538016675,0.2843580005134398
[0.22675184 0.41456753 0.35868064],0.0851844740986896,0.17921134326899846,0.36372962173966233
[0.4822541 0.4075443 0.1102016],0.07734564276380287,0.2980670584987749,0.1923917492010898
[0.22091942 0.39912279 0.37995779],0.08731787082760634,0.1787409942040837,0.37662244818188617
[0.12708724 0.48515281 0.38775995],0.07974484576713636,0.13134667305243114,0.4548637919689624
[0.41312785 0.46537086 0.12150129],0.07246192865756058,0.25903337595432413,0.2025296101874196
[0.24327358 0.40430908 0.35241733],0.085905525877308,0.18743490204640756,0.35161821601928894
[0.33044195 0.35976071 0.30979735],0.08851056425538899,0.23103431630807306,0.2965384768383649
[0.19178662 0.36418828 0.44402511],0.09268734238950507,0.171744511763849,0.42322949154527356
[0.38459909 0.28021373 0.33518718],0.09662544296887216,0.26469565725517297,0.28948507793236433
[0.25369508 0.73151537 0.01478954],0.04456891389240083,0.1590026144092102,0.15451893029362462
[0.12553948 0.36970993 0.5047506 ],0.09425632124242274,0.14738742965824178,0.5038171940077006
[0.07624725 0.30866528 0.61508748],0.1035838571782528,0.14283944865140144,0.5851594777731084
[0.13673552 0.37199301 0.49127147],0.09358833551360649,0.15073537989915836,0.48819550899620856
[0.53129915 0.16217491 0.30652594],0.10640341448409531,0.34608980588659477,0.24965605173706737
[0.58350493 0.41260181 0.00389326],0.07325725178468201,0.34775582253254067,0.1531455358441872
[0.49349743 0.02289918 0.48360339],0.12513692472507915,0.34415688799385175,0.30549126980412894
[0.13247056 0.62680847 0.24072097],0.061819467756065095,0.11529948002051219,0.3627030039391788
[0.41837935 0.1905343  0.39108635],0.10670467948520103,0.2903732674142846,0.298597320122781
[0.39113589 0.44453519 0.16432892],0.07582192311638139,0.2504247830839279,0.22290894067650288
[0.21810276 0.35105202 0.43084522],0.09343461447283877,0.18383980391740157,0.399448938195303
[0.42445447 0.28022329 0.29532225],0.09526426853885847,0.2831300744650822,0.26582929659117027
[0.52761268 0.00244099 0.46994633],0.12653510538239052,0.3621284408857866,0.294191489411325
[0.28606941 0.63909993 0.07483066],0.055038796879317835,0.18205831927953794,0.1924591911975096
[0.34367633 0.28102407 0.3752996 ],0.0979203515291455,0.246098974333918,0.3166220084420982
[0.05376143 0.48078689 0.46545168],0.08279373922954188,0.11035910917965458,0.5689946185350172
[0.30460465 0.32787272 0.36752264],0.09338602172353944,0.2232217257372661,0.3287584193749824
[0.42370984 0.14202144 0.43426873],0.11259878903478951,0.29846695155186004,0.31024804774306824
[0.78605976 0.12156893 0.09237131],0.10279596700695452,0.47419940923953435,0.17460158193729727
[0.1829622  0.42965295 0.38738485],0.08478932376069909,0.15955771592815282,0.4060557233714291
[0.45164804 0.2962454  0.25210657],0.09232965595094933,0.29422771926935043,0.24582882989598687
[0.16209548 0.36078433 0.47712019],0.09412681475988328,0.1611698787708867,0.45992970476362577
[0.09763803 0.24311527 0.6592467 ],0.11106376407266273,0.15890906154049278,0.573055829478032
[0.27582637 0.37431613 0.3498575 ],0.08855120540185638,0.20506910474914328,0.33428343818886624
[0.37798162 0.24779434 0.37422404],0.10091162122350666,0.2654018189889906,0.30486460692593453
[0.59795721 0.09006534 0.31197745],0.11316022740837933,0.3854157878197267,0.24171357363272788
[0.46772418 0.21377407 0.31850174],0.10211022586142388,0.3105775312013553,0.2643791569332481
[0.51809535 0.16260849 0.31929616],0.10679966079014026,0.3397945036909585,0.2554475126798524
[0.86908677 0.06806112 0.06285211],0.10666444621384788,0.5203546195073531,0.16654881683552197
[0.5124927  0.16826655 0.31924075],0.10628219405116371,0.33654277404940075,0.2563780912987258
[0.19932292 0.62766281 0.17301427],0.059431274988023586,0.14307421434973866,0.27560015036417085
[0.20036967 0.40699615 0.39263418],0.08703298539367202,0.16940072345761462,0.39570660635604776
[0.12861798 0.55472097 0.31666105],0.07097953818268049,0.12264864294542487,0.41565513452411307
[0.69287515 0.19149258 0.11563227],0.09721809024813699,0.4216279723597495,0.18314271184609993
[0.43818739 0.29884774 0.26296487],0.0924630404347807,0.28758895539363555,0.25196739678544805
[0.44107583 0.462845   0.09607918],0.07182461766495812,0.2728723605352918,0.18992256146168168
[0.40764447 0.09041965 0.50193588],0.11960985806364224,0.2975453278419456,0.3347720456109949
[0.39045724 0.56855799 0.04098477],0.060311826494096686,0.2387795862180789,0.16882442562439004
[0.09494128 0.46957028 0.43548845],0.08279339326420636,0.12307704732721453,0.5101958052118595
[0.17606387 0.64604204 0.17789409],0.057923030012866514,0.13105774141044826,0.2893612357785008
[0.18361485 0.51273007 0.30365508],0.07436204711495356,0.14928224855121153,0.3641561380709279
[0.58414754 0.0491605  0.36669196],0.11875458477790066,0.38321852628347874,0.25769783558128084
[0.03352295 0.06248423 0.90399282],0.1358747124117148,0.1759055610025713,0.658732513919904
[0.12860205 0.49172473 0.37967322],0.07887005527746385,0.13097777974886307,0.4494659734677237
[0.27371419 0.70908849 0.01719732],0.04669466391727387,0.17035786143509501,0.15669757586998312
[0.3034672  0.44043862 0.25609417],0.07932650066867294,0.20980264669429471,0.28277288968197867
[0.66541657 0.0371183  0.29746513],0.11748968401337571,0.42325701890722955,0.2303321141964186
[0.13190741 0.37054703 0.49754556],0.09393418590852207,0.1493409510702354,0.49506974060819153
[0.2313578  0.58998309 0.17865911],0.06305735739565548,0.16121927706492278,0.267073256868137
[0.28248602 0.23181926 0.48569472],0.1061710005957633,0.2258304445561574,0.3815738872813276
[0.56758751 0.3259927  0.10641979],0.0846477689677168,0.34745274432094675,0.18606204735571402
[0.24101912 0.3590534  0.39992748],0.09165050945466187,0.1921497285319359,0.3728889444814038
[0.43954267 0.29000318 0.27045415],0.0935245320557215,0.2891615473308757,0.2542680129304689
[0.06760165 0.50664317 0.42575518],0.07908309835025124,0.10990079913326702,0.5376039011200124
[0.05130116 0.5366283  0.41207054],0.07588382444603692,0.10144073216828164,0.5509012331785061
[0.07975365 0.44724376 0.47300259],0.0861079258706206,0.12202526560168017,0.5417560498201477
[0.08451641 0.48214284 0.43334075],0.08157446610396016,0.11816304433313544,0.52109749246443
[0.433562   0.29959207 0.26684593],0.09252764791648713,0.2853298799202681,0.25418875841799
[0.51718806 0.43333694 0.04947499],0.07292319446357656,0.31296749306881627,0.16910125056323227
[0.28822302 0.45350807 0.25826892],0.07820979074530961,0.20144883658939008,0.28895570573066987
[0.04997754 0.75632867 0.19369379],0.0484125842278883,0.07315413255497487,0.3883934268038299
[0.34320681 0.21857614 0.43821705],0.10575767375066711,0.2534289597702131,0.33838940043957305
[0.5109669  0.35069502 0.13833808],0.08348597828572676,0.31739369500638825,0.20002280853263
[0.33403094 0.33469752 0.33127154],0.09152714029651882,0.2355155244204812,0.3037045667054064
[0.14256276 0.26939257 0.58804467],0.10623970153084815,0.16801771463057807,0.5132774345875617
[0.8931355  0.03142979 0.07543471],0.110431732185168,0.5356236455933033,0.1688344660083069
[0.24266054 0.47557005 0.28176941],0.07700135415714218,0.17869354743404678,0.31898943736723656
[0.3950685  0.08370488 0.52122662],0.12087997759484109,0.29286570676003426,0.34445814332744407
[0.41559507 0.19231246 0.39209247],0.10657698101074342,0.28890001515446395,0.2996780078549112
[0.57016564 0.12045977 0.30937459],0.1103017993906919,0.3689696655042841,0.24474044300436779
[0.17322661 0.4783188  0.34845459],0.07902636783401433,0.14942132587875342,0.39503308839536555
[0.34705707 0.43638422 0.21655871],0.07834688648677159,0.2303735885504058,0.2532707280114503
[0.5697684  0.33188318 0.09834842],0.08383559740685387,0.34799002631304776,0.18344088215168589
[0.38534281 0.43925556 0.17540162],0.07668084686018595,0.24817510833131837,0.2283905394110515
[0.42013916 0.44413845 0.13572239],0.0748819399441853,0.2644219851410214,0.20755437531003967
[0.7415815  0.10609739 0.15232111],0.10625142570255891,0.453607994823643,0.19014529436610209
[0.10633425 0.51600926 0.37765649],0.07658837554943942,0.12006266767017872,0.47132365661649295
[0.12594274 0.36458892 0.50946834],0.09488394207162579,0.14828043081399478,0.505015676448643
[0.0471686  0.4986857  0.45414569],0.08077696539385631,0.10615581456813283,0.5725260141529835
[0.26729183 0.51168166 0.22102652],0.07163806191655972,0.1856613770327277,0.27813033998695996
[0.43036237 0.29208883 0.2775488 ],0.09357657212224907,0.2846218386939397,0.2585064184107377
[0.1124834  0.59776623 0.28975037],0.06613888581684757,0.11137308882813553,0.41427319922900235
[0.22084693 0.01716251 0.76199056],0.13515901704997302,0.23296377201674318,0.4943215679118404
[0.24679309 0.33661667 0.41659024],0.09426357696810803,0.19741649685797463,0.37617715920435324
[0.07954061 0.73273113 0.18772826],0.05035928722753394,0.08439818001866815,0.3597149514458573
[0.38690882 0.3692745  0.24381668],0.08539219899616138,0.2560511333165277,0.25538726639934156
[0.47483715 0.21016068 0.31500217],0.1023200710315322,0.3143050243625741,0.2619114065977192
[0.50139545 0.28026185 0.2183427 ],0.09263399584618827,0.3196133326627562,0.22725583830017781
[0.29813686 0.49964672 0.20221642],0.07209285995063702,0.2010579088871051,0.2590938115241584
[0.10151085 0.41595585 0.48253329],0.0892841676059932,0.13298541741315448,0.5209907142731564
[0.20858218 0.49716534 0.29425248],0.07545949838198451,0.16152498775262897,0.34334934274639406
[0.22489639 0.29109012 0.48401349],0.10071273316656734,0.19458885424733213,0.4147860034366482
[0.4008416  0.382239   0.21691939],0.08329303224947712,0.2612745533147732,0.24224721254512757
[0.3671494  0.20563706 0.42721354],0.10656124187856444,0.2655522646781971,0.32596687504609134
[0.4414235  0.08789232 0.47068417],0.11877375777865494,0.31289107983226616,0.31568096422437264
[0.30072364 0.63485778 0.06441858],0.05507006243556034,0.1894515500535161,0.18511362100575993
[0.13903775 0.6803454  0.18061685],0.05489013552744065,0.11201837422156868,0.3114679691603906
[0.47580806 0.15875183 0.3654401 ],0.10872564961795668,0.3204067320409488,0.27691568480095885
[0.45905907 0.33903137 0.20190956],0.08671803537172393,0.2933983769475514,0.22739742484550488
[0.38678076 0.06036841 0.55285083],0.12408555789266211,0.29223001136578397,0.3561768259399557
[0.26522524 0.38101086 0.3537639 ],0.08807446267173756,0.19967030780246675,0.340934330301546
[0.34515242 0.35523695 0.29961063],0.08857518039381626,0.2382327722835712,0.2878494832448595
[0.14159768 0.49351976 0.36488256],0.07820178919844137,0.1354049210900896,0.42983511034815114
[0.50107092 0.09923191 0.39969717],0.11531819141975239,0.3388055404238628,0.281335987895902
[0.24597437 0.46194562 0.29208001],0.0785946708278886,0.18171399967753357,0.32245545710220264
[0.2591423  0.66543092 0.07542678],0.0526597974715769,0.1669682165371551,0.19560487707736385
[0.35081479 0.03489039 0.61429482],0.1285038172122352,0.2803420667219285,0.38704079798291635
[0.44643637 0.13617475 0.41738888],0.11255556426005203,0.30946005907340257,0.2990872700573558
[0.14932328 0.46540281 0.38527392],0.08145968186752098,0.14201159103295627,0.43277933456331874
[0.45074542 0.01008362 0.53917096],0.12820083044322678,0.32652148420832594,0.3313743066725524
[0.39051185 0.16377276 0.44571539],0.11100734975028131,0.28098906382938066,0.3238821771566949
[0.22222046 0.68891353 0.08886601],0.05097859152356847,0.14763510573732905,0.20983214912776424
[0.52477891 0.40322981 0.07199128],0.07643494637393873,0.31936906983869884,0.17670761417955055
[0.33453915 0.01715478 0.64830607],0.13128048636977444,0.27605820132127107,0.4031051634661214
[0.25171292 0.49993918 0.2483479 ],0.07364034608871547,0.17993561373851846,0.2981085565788291
[0.27483867 0.68104439 0.04411694],0.0501686809808715,0.17313621934223153,0.17424823699793435
[0.37264077 0.35174441 0.27561483],0.08807462452085973,0.25126759531130854,0.2709248060280854
[0.35504088 0.5340397  0.11091942],0.0658435807862919,0.22459415755746331,0.20411742355569795
[0.07094796 0.21518219 0.71386986],0.11547298743870402,0.15694870304901162,0.6083069536986865
[0.02149541 0.36133769 0.6171669 ],0.09885517987936089,0.123190365110389,0.640108338088778
[0.59391059 0.36191835 0.04417107],0.07925003914080567,0.3572770958682944,0.16583777640939912
[0.53800658 0.38761685 0.07437657],0.07793902828195794,0.3272932421472981,0.17702482306641246
[0.05611177 0.54381259 0.40007564],0.0748198755191296,0.10154847581921422,0.5398394715123532
[0.36371621 0.38551063 0.25077316],0.0841500999360916,0.243493779886351,0.2634568323101855
[0.4091066  0.34030715 0.25058625],0.08826276833293845,0.269524961657198,0.2532706726427815
[0.24005534 0.42746358 0.33248108],0.08311535299760485,0.18324511570311042,0.3444312976934289
[0.45935489 0.22819436 0.31245075],0.10058973870029722,0.30509198208976746,0.2641489892598529
[0.32784324 0.30727323 0.36488353],0.09517304103028018,0.2359445281285877,0.3186047230106202
[0.27801796 0.5999421  0.12203994],0.060217863981849515,0.1817744113957181,0.22125151539782068
[0.25223738 0.31990699 0.42785563],0.09617060841961235,0.2018242452647092,0.37741059464737886
[0.41421517 0.26174714 0.32403769],0.09792770967479601,0.2803938964082116,0.277922275317095
[0.41795187 0.52348949 0.05855864],0.06501824307969106,0.25615306441835134,0.17574743125527043
[0.23365729 0.33236011 0.43398259],0.09524492031188331,0.1925768410754701,0.39072673480190234
[0.09870273 0.30276322 0.59853405],0.10355681708215095,0.14964466596952258,0.5583681619441655
[0.54430018 0.18563682 0.270063  ],0.10302129225660317,0.3498268419935002,0.2373211037309301
[0.18030962 0.56160535 0.25808503],0.06835343929592824,0.14211174632932894,0.34024942022649035
[0.28391278 0.70853542 0.0075518 ],0.04641592940744749,0.175336751171511,0.15065825750134915
[0.02909057 0.8315252  0.13938423],0.03970730658919061,0.06176087103775388,0.31909048978832744
[0.08645712 0.27120306 0.64233983],0.10792742879177984,0.15145283180309296,0.580559820143186
[0.41506783 0.37198215 0.21295002],0.08409221473677922,0.269070413123823,0.23819867072224227
[0.65808252 0.28040528 0.06151221],0.08726942909109178,0.3963520391215805,0.16972141543709066
[0.57341365 0.10578517 0.32080117],0.11202888965841484,0.3720647900980737,0.24734640876433553
[0.27059357 0.466207   0.26319943],0.07722087730222159,0.19210949341844236,0.29785554208706494
[0.38446969 0.5435432  0.07198711],0.0636491195622808,0.23800642530190555,0.18339471090712325
[0.25178491 0.36161959 0.3865955 ],0.09096174701531314,0.1963297992064506,0.3614415504021033
[0.202208   0.44651289 0.35127911],0.08202097658319021,0.16507752209187776,0.37570818726410843
[0.34915644 0.17769131 0.47315225],0.11067528122841847,0.26109860971427074,0.3472836616313184
[0.5372076  0.46191205 0.00088035],0.06866117805643725,0.3205006703228387,0.1518286311458291
[0.67333802 0.05410327 0.27255871],0.11509209672180518,0.42534660513157857,0.2235637843927048
[0.04409531 0.44728569 0.508619  ],0.08731943748163215,0.1134191042655654,0.5935458397203254
[0.11993722 0.40210952 0.47795326],0.09038959380821952,0.1407844755429286,0.49998121978126786
[0.4059874  0.13313703 0.46087557],0.1143162566993842,0.291584678000932,0.32346094913492923
[0.8324541  0.07869056 0.08885534],0.10658316993069336,0.5011452277331326,0.1727706164585093
[0.18053879 0.47923274 0.34022847],0.07866238893582642,0.15220039035448887,0.38542863654420495
[0.41527897 0.22145928 0.36326175],0.10293726934046254,0.2854091259444139,0.2905908108790303
[0.00649637 0.4078809  0.58562273],0.09353767752195744,0.11353327048508635,0.6477191858189031
[0.27715183 0.39529489 0.32755329],0.085878489239503,0.20315177980565163,0.3242821170581262
[0.11065932 0.82835256 0.06098812],0.0373213088038301,0.08749491079396805,0.19796932926325397
[0.77632854 0.20665136 0.01702009],0.09247186180317402,0.46182488460267107,0.15692498221598614
[0.35079617 0.24523874 0.4039651 ],0.10215934199616106,0.25352958306690915,0.3240621508633899
[0.77586652 0.05879364 0.16533984],0.11100609022871208,0.4749582643109689,0.19160860451757034
[0.34251878 0.2104052  0.44707602],0.10680452127947451,0.2541373919185501,0.34156532662967976
[0.29779719 0.38605217 0.31615064],0.08633161671857238,0.21336040498530723,0.31089000193423993
[0.3119333  0.48826593 0.19980077],0.07304747471109518,0.2086307891462708,0.25426484234742386
[0.1986832  0.51175706 0.28955974],0.0739697372411266,0.15563041780447484,0.3467814197410373
[0.32213993 0.33184069 0.34601938],0.0922906987430741,0.23051573438022652,0.3136041838421037
[0.55004035 0.25861897 0.19134069],0.09368476114274152,0.34525240844808086,0.21342287364179893
[0.37453794 0.23878126 0.3866808 ],0.10215797325919254,0.26490254662727963,0.3101441428375152
[0.39896432 0.38924964 0.21178604],0.08247904256880217,0.2596692180906804,0.24061012324912362
[0.22549173 0.58180923 0.19269904],0.06428125999658553,0.15942825018883247,0.27775039833992554
[0.64015759 0.24875499 0.11108742],0.09184512233624463,0.390321033669541,0.1840667454192877
[0.01945291 0.49368291 0.48686418],0.08234927866691143,0.10171619834401527,0.612972954966714
[0.41438805 0.08724658 0.49836536],0.11977715899101224,0.30091441916664974,0.3315798533926503
[0.19522872 0.42476209 0.38000919],0.08498331116303746,0.1650399340528173,0.3937429540067619
[0.23214808 0.13873892 0.629113  ],0.11954653449501408,0.21884740213717868,0.45486733460338713
[0.35390663 0.53652851 0.10956487],0.06557057346195032,0.22381872008468745,0.20360483450494016
[0.4767313  0.02703438 0.49623432],0.12519111853698758,0.33607718425201405,0.3129969050743652
[0.69492749 0.2769616  0.0281109 ],0.08644347807799321,0.4150226106201575,0.16009604387266624
[0.05346724 0.67013566 0.2763971 ],0.0590887627197714,0.08379961604140054,0.4664551529742081
[0.01886141 0.61079113 0.37034746],0.06770222496684586,0.08435915599371474,0.5654658869560045
[0.22156423 0.68947223 0.08896354],0.05093100918829095,0.1472825811680371,0.21001131934944334
[0.44290581 0.14547018 0.41162401],0.11151183012948244,0.3067710772886093,0.2983065774593489
[0.24980404 0.34251145 0.4076845 ],0.09342254145587903,0.197914250626023,0.3709815802734569
[0.17596182 0.58640763 0.23763055],0.06539543280554233,0.13746232388678642,0.3302390904065457
[0.30419782 0.26859096 0.42721122],0.10082465588166396,0.23030200391163483,0.3509507277786249
[0.12335932 0.44312469 0.43351598],0.08513587074244053,0.13596069608262154,0.479078679494685
[0.3742163  0.40945618 0.21632752],0.08079274340679046,0.24590514487269205,0.24722029886061786
[0.39975731 0.34290314 0.25733955],0.08825665713086912,0.26485943149878804,0.2577089920665387
[0.08599711 0.51085467 0.40314822],0.07792792396498659,0.11443163054777741,0.5062230057169426
[0.51641322 0.29801638 0.18557039],0.08989787819944883,0.3250989301245967,0.21500494687158744
[0.49880861 0.1196148  0.38157659],0.11284253030423017,0.335465267017895,0.27675750497078316
[0.41283526 0.32229831 0.26486644],0.09039105653834602,0.2731791125099419,0.2576736409002875
[0.39792628 0.35246863 0.24960509],0.0871211060107156,0.2629901515950841,0.25522288801924187
[0.40922657 0.4460851  0.14468834],0.07501049984872568,0.2589664782552816,0.21242324573954294
[0.43414893 0.0433553  0.52249578],0.12460003320267082,0.31506514247815004,0.33199494041117195
[0.31301798 0.13128275 0.55569927],0.11772087430944489,0.2517808617262741,0.3881187539014901
[0.42007443 0.33355585 0.24636972],0.08873408306020189,0.27540146386940684,0.24957776946601504
[0.48570932 0.07294403 0.44134665],0.11913480165712793,0.33474208139240635,0.29615279096300917
[0.10447013 0.66472322 0.23080665],0.05802628303445331,0.10046710774034277,0.3784948515959296
[0.44523977 0.47922654 0.07553368],0.06963082285946903,0.2734417373358166,0.18150419662714806
[0.24009273 0.50905632 0.25085095],0.07289498181742882,0.1737721114938522,0.30439281287837816
[0.47250125 0.32213211 0.20536664],0.08837590056958597,0.301537778921644,0.22675732644218274
[0.22847973 0.16247386 0.60904641],0.1166990221745,0.21403812138832423,0.4517841099860023
[0.2780584  0.36778665 0.35415495],0.08929282799201063,0.20682473786720448,0.3350316248750733
[0.23819116 0.35714588 0.40466296],0.09198591521708918,0.19122173408188686,0.37645258036548634
[0.20382972 0.41383583 0.38233445],0.08605828265921091,0.16990073059796018,0.38880517127101744
[0.33150993 0.55261224 0.11587783],0.06432040244081305,0.2115798275176554,0.2094736675079041
[0.07791363 0.60893938 0.31314699],0.06591912033923511,0.09852379072310656,0.4660713925257628
[0.46988129 0.49546849 0.03465022],0.06675575971981183,0.2841821195168881,0.16452745091526869
[0.47956625 0.24335853 0.27707522],0.09800083131127957,0.3129927626932982,0.2492096962245502
[0.39857262 0.58926772 0.01215966],0.057441113518264565,0.24105934455512687,0.15531907127417877
[0.25266276 0.36439998 0.38293727],0.09058356278444722,0.19635225056241107,0.35947417247459584
[0.61483939 0.11935327 0.26580734],0.1089159882721506,0.39048904808728874,0.22770417943264465
[0.24877758 0.55789595 0.19332647],0.06648170346539001,0.1724018569432644,0.26961254530272627
[0.17901619 0.81345351 0.0075303 ],0.03685481346036208,0.11799755359997854,0.14284036360195476
[0.39863221 0.27039199 0.33097579],0.09737671815571827,0.2722405073060026,0.2842219143705372
[0.28144652 0.01367522 0.70487826],0.13352795446514956,0.2555937293898109,0.4441734730197778
[0.48568191 0.43114331 0.08317479],0.07427301568299219,0.2976055586058574,0.1823655980662318
[0.34546791 0.35257273 0.30195936],0.08889809471152951,0.23867447759986044,0.2886697203839184
[0.34422253 0.38007983 0.27569764],0.085495460261992,0.2350600495178188,0.27863288719773327
[0.13550569 0.74574299 0.11875132],0.04681992906745619,0.10422660321809746,0.2573232575884167
[0.46277034 0.46227464 0.07495502],0.0711557744886135,0.28355998456280845,0.1804054777597948
[0.27508338 0.08753422 0.63738241],0.12449460177590788,0.2425612210021634,0.4307968163426086
[0.47981296 0.03661372 0.48357333],0.12388619810399659,0.33632653412517,0.3088849304567015
[0.58128373 0.33321939 0.08549689],0.08327530876779515,0.35355487045733164,0.1789688505378162
[0.25003381 0.39681606 0.35315013],0.0866133128191132,0.19122955806407765,0.34834213650586515
[0.09548651 0.13859635 0.76591714],0.12422766778898164,0.17552546477473965,0.593803684968116
[0.36515154 0.28736276 0.3474857 ],0.09639366652114337,0.25502081130356025,0.2995585581061041
[0.37584324 0.43466283 0.18949394],0.07758021722238485,0.24411346895523814,0.23587480637106117
[0.53174165 0.18866635 0.279592  ],0.1030703904690696,0.34351575762441183,0.24182410449972974
[0.12247667 0.34705004 0.53047329],0.09719887381085374,0.14981169675931322,0.5153060507343501
[0.37504435 0.22236568 0.40258998],0.10419666598183477,0.26706737522940643,0.315263764095151
[0.08115378 0.58670388 0.33214234],0.06859344560604391,0.10245047818125094,0.47431155489654714
[0.27069288 0.35293094 0.37637619],0.09140476592224417,0.20545065570800766,0.34755190085022974
[0.07204058 0.68513529 0.24282413],0.05657635687230562,0.08726296386240585,0.4191509805921598
[0.30504983 0.35144362 0.34350655],0.09041868919554756,0.22061834495320393,0.319187822800884
[0.45452874 0.42793077 0.11754048],0.07573840329378866,0.28264193413004074,0.1972050023834891
[0.50234583 0.17584581 0.32180836],0.10567916903820818,0.33094431082880116,0.2588930108018396
[0.2713419  0.12774024 0.60091786],0.1195866616824467,0.23543726013507704,0.42298598626789574
[0.04848633 0.66809677 0.2834169 ],0.059514086333642094,0.08278857524712786,0.47728912130315865
[2.41335255e-04 9.15812083e-01 8.39465815e-02],0.030135199913030927,0.0542582863891033,0.18679542955610887
[0.26406592 0.67599195 0.05994213],0.051169071970062555,0.16840568007934067,0.18508325820944949
[0.77004783 0.00350457 0.2264476 ],0.11812932758029117,0.47741109966822626,0.20554471324291684
[0.63922475 0.27286625 0.087909  ],0.08885713602209254,0.387666037897295,0.17761972752520294
[0.2445017  0.18352414 0.57197416],0.11351586269645977,0.21713711901133564,0.43067653804312367
[0.15713337 0.39562293 0.44724369],0.0899327703324018,0.15446123567374376,0.45275288668617963
[0.25206136 0.52870516 0.21923348],0.07002565694819951,0.17696121078276839,0.2826927818074737
[0.55394478 0.0513044  0.39475081],0.11951667466393404,0.3687858950029649,0.2698494601132561
[0.32612752 0.25601326 0.41785923],0.10165164929422507,0.24136415881276516,0.3382923533297468
[0.80424868 0.00498561 0.19076571],0.11677680624924819,0.4940395069479703,0.19588880016318255
[0.30400872 0.28411485 0.41187643],0.09888681648745201,0.22829111095316337,0.3455536054736558
[0.31521423 0.39380053 0.29098524],0.08476685364598863,0.2203020050528743,0.29399121279193097
[0.25146971 0.08889747 0.65963282],0.12512962594560084,0.23332316609031434,0.4505751730837882
[0.61208473 0.04578741 0.34212786],0.11822375286439063,0.3968231409313248,0.24752526436302127
[0.50626201 0.2647723  0.22896568],0.09440792562730244,0.3235118679748918,0.23000060582963633
[0.44209818 0.20176262 0.3561392 ],0.10448903306771312,0.29997748484469583,0.2816512482977005
[0.31083643 0.04400558 0.64515799],0.12872635754601733,0.2627867155718029,0.4137437362822449
[0.19937673 0.39356973 0.40705354],0.08874846175055945,0.17076715710170662,0.40258597096404075
[0.15801239 0.48996654 0.35202108],0.07808669699631472,0.14202021412807683,0.40900302363951446
[0.49622341 0.1216324  0.38214419],0.11267804953330648,0.3340382134044544,0.27744744707124763
[0.58457124 0.28403809 0.13139067],0.08932284846925394,0.3596827688243833,0.19273330411638684
[0.38199971 0.43297544 0.18502486],0.07758147821746293,0.24720623035612968,0.2329289117612854
[0.36780943 0.22538078 0.40680979],0.10406591472949832,0.2634746304211955,0.319066448997799
[0.14469023 0.64656393 0.20874584],0.0589282223804184,0.11790777369592002,0.330158234357074
[0.68439287 0.10810014 0.20750699],0.1079520280442009,0.4253552750863155,0.2067730981503713
[0.31864279 0.16528935 0.51606786],0.11326977907556415,0.24964099988148736,0.3736156285219268
[0.02009674 0.51850218 0.46140108],0.07921881553510984,0.09801507686959612,0.6041806773655581
[0.03467843 0.22314689 0.74217468],0.11571306508910137,0.14843904779022254,0.644797083476076
[0.34512103 0.28309783 0.37178114],0.09761132613911302,0.24649926803142136,0.31485418499993223
[0.55663968 0.00928197 0.43407836],0.12468782349644487,0.37474723858740994,0.2793558236507896
[0.44604923 0.24028451 0.31366626],0.09952953220631042,0.29755397983815396,0.2672776625255298
[0.16777909 0.41639825 0.41582266],0.08696750050476938,0.15551360130104225,0.43062150155685813
[0.32122057 0.60141588 0.07736355],0.058559085202579485,0.20222722438599192,0.19067207849810372
[0.01063042 0.48308151 0.50628807],0.08397810054577763,0.10209747990906823,0.6266374116458004
[0.29802773 0.65845499 0.04351728],0.05220661792982735,0.1861637644557056,0.17300153992905717
[0.18512154 0.487968   0.32691046],0.07741196333959993,0.15294436846382203,0.37537807973086856
[0.48266935 0.51545371 0.00187694],0.0638163433424773,0.2888632506927263,0.151685419441209
[0.15610922 0.33661772 0.50727307],0.09735783456610778,0.1625297895227203,0.4759609594848691
[0.4787774  0.01333639 0.50788621],0.12683690621724994,0.3386432250326624,0.31548514282825363
[0.38742082 0.38602473 0.22655446],0.0832768435374257,0.25454463576031566,0.248588399234657
[0.51917173 0.39513365 0.08569462],0.07764028382546959,0.317326377400313,0.18164353148857623
[0.23801391 0.25716916 0.50481693],0.1045135629160665,0.20439154481640573,0.4134885471509138
[0.58435242 0.37042476 0.04522282],0.07851080321534998,0.35178283846545816,0.16632648559715116
[0.35662527 0.35101576 0.29235896],0.08871237722207714,0.24395619997831391,0.2816586634329655
[0.39675674 0.21791683 0.38532642],0.10401297386911001,0.2773737107295279,0.30288729832450695
[0.11340749 0.5485208  0.3380717 ],0.07227510379854932,0.11804383521345232,0.4428448440701969
[0.20419493 0.14681507 0.64898999],0.11948887495754733,0.2074873024686121,0.4794937992535597
[0.51860526 0.3838477  0.09754704],0.07907312390649363,0.3180680088929212,0.18572482065111054
[0.44197049 0.34652321 0.2115063 ],0.08636282865109345,0.28446726842627895,0.23328810030842506
[0.52698234 0.20317339 0.26984427],0.10141585537416625,0.3397377622170159,0.23964323201187113
[0.54678041 0.17312766 0.28009193],0.10450337135781476,0.3523081576372447,0.23985641412488648
[0.53620837 0.42632129 0.03747034],0.073152845069588,0.3230123908860345,0.1645535792722621
[0.18739262 0.00997574 0.80263165],0.13720068067216803,0.22291422909495326,0.5257658120255969
[0.29071923 0.08719812 0.62208265],0.12400315680459625,0.2487558451703083,0.4180933185043008
[0.4163479  0.19014428 0.39350782],0.10682284654000435,0.2894937589280218,0.299912671214413
[0.65946487 0.0739782  0.26655694],0.11307624997320842,0.416629237413676,0.22340306827960785
[0.44504862 0.25350925 0.30144214],0.09790734201383239,0.29565109326301214,0.2635110905696052
[0.67367952 0.0683304  0.25799007],0.11329856440609792,0.4240776173149267,0.22000351019896658
[0.63223749 0.29684071 0.0709218 ],0.08609287615930719,0.3820525836131479,0.17299418717249232
[0.32225152 0.3747892  0.30295928],0.08690779863834591,0.2256274127763428,0.2965410887579935
[0.41518648 0.11767089 0.46714263],0.11593941737215821,0.2975572861357245,0.32242335120773163
[0.09188504 0.44393477 0.46418019],0.08610840392559334,0.12595201541299442,0.5248697586046961
[0.31458664 0.43367265 0.25174071],0.07979447992000446,0.21561974237855014,0.27731449476934733
[0.2011798  0.33873061 0.46008959],0.09555526979006777,0.17883715799388297,0.4224808235470399
[0.04358908 0.37119305 0.58521787],0.09686694473065365,0.12545033468370562,0.6127280961382534
[0.10055405 0.41922906 0.48021689],0.08890686276105247,0.13220823331978437,0.5211994822923094
[0.38910767 0.39588375 0.21500858],0.0819844888515536,0.2543256017201662,0.24372099557540794
[0.51537905 0.39936423 0.08525672],0.07723984134696463,0.3150773358220704,0.18166918035414945
[0.33059025 0.49795184 0.17145791],0.07119773489793094,0.2163917567948306,0.23659743631765734
[0.43581772 0.45349581 0.11068647],0.07317497911146859,0.27116103096312827,0.19610110981875994
[0.30784642 0.42036587 0.27178771],0.08169108408101611,0.21400108171093413,0.28827463668780173
[0.03200436 0.02390049 0.94409516],0.1407589577580374,0.18240420362292498,0.6620404319610764
[0.51764822 0.12780705 0.35454474],0.11117363058692953,0.34335481044939004,0.26553765321534173
[0.15956157 0.23111997 0.60931846],0.11045311148728995,0.1794180279790971,0.5041472838940583
[0.58171039 0.07613896 0.34215065],0.1154588264665575,0.3791600741654363,0.25176391970243844
[0.02487839 0.41014298 0.56497863],0.09262711721644361,0.11577742861012001,0.6272994493686253
[0.14716724 0.35876336 0.49406939],0.09488932478897852,0.1562118452151707,0.4794087457697193
[0.4697003  0.50735882 0.02294088],0.0652727294100747,0.2830866496003685,0.1599253425549594
[0.49895937 0.24372309 0.25731754],0.09729342408756432,0.32217114355499865,0.23991417491544945
[0.28749018 0.35006077 0.36244906],0.0911910696369719,0.21306571375283007,0.3341272905107488
[0.33518701 0.20741239 0.45740061],0.10742953751472262,0.25132402640735285,0.34787576327069675
[0.21386321 0.48061361 0.30552318],0.07735231820569276,0.1657277200098799,0.3460635203469503
[0.60317586 0.22082845 0.17599569],0.09660470730725917,0.3747832996605834,0.20439733407714544
[0.60172915 0.06671274 0.33155811],0.11595631844357415,0.38967476145811364,0.24624719877807263
[0.7466248  0.13160838 0.12176683],0.10288420749026567,0.4537260284206408,0.18267457077297158
[0.13229568 0.65442765 0.21327668],0.058366267189453876,0.11210762850905708,0.3422270874845444
[0.48278624 0.29543535 0.22177841],0.09136858701574285,0.30915411782835517,0.23085116095839053
[0.31262139 0.27845902 0.40891959],0.09930129357696366,0.23272318300701889,0.34075373390957764
[0.18468131 0.23080608 0.5845126 ],0.10963526807526162,0.18809043448111432,0.4765541018741262
[0.41907112 0.39520609 0.18572279],0.08104692494889648,0.26864780259945226,0.2272377602131965
[0.44484507 0.27153379 0.28362114],0.0956568009152041,0.2936200373016729,0.2576690664931437
[0.20844328 0.6019986  0.18955812],0.062334380687914366,0.14974609618511797,0.28270774174693736
[0.23790749 0.61350949 0.14858302],0.0598872961858471,0.16184847413023143,0.24644839193078694
[0.06582937 0.06383974 0.87033089],0.13460255521477282,0.18150575629798668,0.6313990120876625
[0.29349073 0.2370365  0.46947277],0.10514205529541412,0.2297515903198294,0.3705830944494911
[0.44897411 0.17844047 0.37258542],0.10717539304380735,0.3057778485672066,0.2850938792730997
[0.4888666  0.41502709 0.09610631],0.07618282310295293,0.3006242880653531,0.18688717223918808
[0.51599932 0.31759082 0.16640986],0.08746039857547061,0.3229982905375245,0.20885682850892165
[0.719913 0.063608 0.216479],0.11231240587937111,0.44704054767681173,0.20649671793554714
[6.47602631e-01 9.84224435e-06 3.52387527e-01],0.12274520028989976,0.41859746536866205,0.2454510807881057
[0.3370549  0.03524295 0.62770215],0.12892918674897347,0.27461533018616274,0.39666098274677514
[0.27104686 0.36463012 0.36432302],0.08992742078526571,0.2041711169579477,0.34249418736181164
[0.23970891 0.00153326 0.75875783],0.13647288084744943,0.24197281546576005,0.4813469671097443
[0.52143928 0.120966   0.35759472],0.11190107679609917,0.34588185496070745,0.2657007746374531
[0.36856156 0.42148339 0.20995504],0.0794793483998712,0.24200630711482457,0.2457760258770862
[0.22592497 0.24260415 0.53147088],0.1067502680225125,0.2016772321649613,0.4301440826575573
[0.59647917 0.13262937 0.27089146],0.1078797237934857,0.38029792137233065,0.23108126249116956
[0.33485904 0.29949726 0.36564369],0.09590754423497014,0.23998599155347142,0.3162998962714752
[0.43395453 0.22622371 0.33982175],0.10170328440037193,0.29347705187178785,0.27839752334729695
[0.51482183 0.06110423 0.42407394],0.1196242790426324,0.3494914590029421,0.28505497481068265
[0.4280046  0.10096177 0.47103363],0.11759476334242897,0.3053025089775527,0.3196657756572993
[0.36984702 0.60327649 0.02687649],0.05666678129593227,0.2257491592691528,0.16242267043048325
[0.22805315 0.51704765 0.2548992 ],0.07230493140023073,0.16758989814489364,0.312100741030401
[0.45333053 0.48161902 0.06505045],0.06905509751746701,0.2772073738281823,0.17696173388184172
[0.36914148 0.36557552 0.26528299],0.0864617495924916,0.24815015684021466,0.26782876319230664
[0.37960183 0.33670763 0.28369054],0.08972037705599162,0.25612761193514194,0.27220953074612897
[0.34063611 0.22017546 0.43918843],0.10564508607569903,0.25210836766399025,0.33971536474285813
[0.30394493 0.31899158 0.37706349],0.09452085208085814,0.22400088186328387,0.3326810656323264
[0.21472518 0.63231087 0.15296395],0.058323559918628934,0.14947650407776064,0.25638517675455036
[0.20810278 0.20223858 0.58965864],0.11241400266060367,0.20072321250485872,0.46040515945990396
[0.37489092 0.30688942 0.31821965],0.09361571173543734,0.2572479705047107,0.28616634600073276
[0.28027654 0.47226497 0.24745849],0.07613173535710449,0.19579785235108482,0.2866820789048021
[0.28615546 0.1226052  0.59123934],0.11972432004667005,0.24202742962344,0.41203726454405104
[0.64200072 0.33597692 0.02202236],0.08085810631429234,0.38349395988737883,0.15869378055436548
[0.53985534 0.00734694 0.45279773],0.1255029056359771,0.3671959573050148,0.28732044440331383
[0.59057881 0.26639692 0.14302427],0.09132732393028802,0.3642834770418084,0.1958016995706392
[0.34077595 0.39504762 0.26417643],0.08373842400819378,0.23184237908259323,0.27492136795873345
[0.634746  0.0339145 0.3313395],0.11893751117009227,0.40888140087641106,0.24197117051063233
[0.4081313  0.49003917 0.10182953],0.06954283895122888,0.2543317292097381,0.1947961392987373
[0.45733713 0.31596546 0.22669742],0.0896656861488392,0.29490219465309553,0.2362331898912775
[0.11410972 0.74963853 0.13625174],0.047062121591367856,0.09525824972088094,0.28409215653933795
[0.21056136 0.19714259 0.59229605],0.11296835693468724,0.20236716335656002,0.45940435885283426
